// Created by Crowbar 0.74
version 1
nodes
  0 "polymsh1" -1
end
skeleton
  time 0
    0 0.000000 0.000000 0.000000 1.570796 0.000000 0.000000
end
triangles
doll01
  0 -0.916839 -3.030139 -7.741493 0.735697 0.140541 -0.662569 0.736920 0.332260 1 0 1.000000
  0 -1.625060 -4.519372 -6.659582 -0.858780 -0.499549 0.113785 0.755201 0.339396 1 0 1.000000
  0 -1.585286 -3.010944 -7.757769 -0.697705 0.048084 -0.714769 0.736674 0.338996 1 0 1.000000
doll01
  0 -0.916839 -3.030139 -7.741493 0.735697 0.140541 -0.662569 0.736920 0.332260 1 0 1.000000
  0 -0.893458 -4.521145 -6.583225 0.801825 -0.594819 0.057151 0.755557 0.332025 1 0 1.000000
  0 -1.625060 -4.519372 -6.659582 -0.858780 -0.499549 0.113785 0.755201 0.339396 1 0 1.000000
doll01
  0 1.714375 0.816738 4.182654 0.612005 0.626828 -0.482220 0.847835 0.801813 1 0 1.000000
  0 1.807775 1.097600 5.397851 0.827418 0.557757 0.065473 0.842580 0.873116 1 0 1.000000
  0 2.032678 -0.909970 3.651750 0.973761 0.085379 -0.210949 0.747373 0.739311 1 0 1.000000
doll01
  0 1.201671 -2.262344 6.867767 0.396393 -0.738701 0.545155 0.580698 0.908811 1 0 1.000000
  0 1.266741 -1.098563 7.447543 0.526076 -0.200354 0.826500 0.637626 0.968660 1 0 1.000000
  0 0.000000 -1.125505 7.741048 0.000000 -0.240791 0.970577 0.494457 0.989363 1 0 1.000000
doll01
  0 1.201671 -2.262344 6.867767 0.396393 -0.738701 0.545155 0.580698 0.908811 1 0 1.000000
  0 1.936492 -1.017738 6.567028 0.939015 -0.094936 0.330511 0.685042 0.916728 1 0 1.000000
  0 1.266741 -1.098563 7.447543 0.526076 -0.200354 0.826500 0.637626 0.968660 1 0 1.000000
doll01
  0 1.237278 0.233084 7.420708 0.507844 0.350851 0.786764 0.776044 0.987959 1 0 1.000000
  0 1.266741 -1.098563 7.447543 0.526076 -0.200354 0.826500 0.637626 0.968660 1 0 1.000000
  0 1.936492 -1.017738 6.567028 0.939015 -0.094936 0.330511 0.685042 0.916728 1 0 1.000000
doll01
  0 1.237278 0.233084 7.420708 0.507844 0.350851 0.786764 0.776044 0.987959 1 0 1.000000
  0 1.936492 -1.017738 6.567028 0.939015 -0.094936 0.330511 0.685042 0.916728 1 0 1.000000
  0 1.884774 0.210271 6.600851 0.854169 0.318149 0.411310 0.773824 0.933738 1 0 1.000000
doll01
  0 1.237278 0.233084 7.420708 0.507844 0.350851 0.786764 0.776044 0.987959 1 0 1.000000
  0 1.884774 0.210271 6.600851 0.854169 0.318149 0.411310 0.773824 0.933738 1 0 1.000000
  0 1.167870 1.097600 6.650203 0.471701 0.727939 0.497597 0.860461 0.948574 1 0 1.000000
doll01
  0 1.807775 1.097600 5.397851 0.827418 0.557757 0.065473 0.842580 0.873116 1 0 1.000000
  0 1.167870 1.097600 6.650203 0.471701 0.727939 0.497597 0.860461 0.948574 1 0 1.000000
  0 1.884774 0.210271 6.600851 0.854169 0.318149 0.411310 0.773824 0.933738 1 0 1.000000
doll01
  0 1.807775 1.097600 5.397851 0.827418 0.557757 0.065473 0.842580 0.873116 1 0 1.000000
  0 0.000000 1.154959 6.764437 0.000000 0.860757 0.509015 0.961476 0.968854 1 0 1.000000
  0 1.167870 1.097600 6.650203 0.471701 0.727939 0.497597 0.860461 0.948574 1 0 1.000000
doll01
  0 1.807775 1.097600 5.397851 0.827418 0.557757 0.065473 0.842580 0.873116 1 0 1.000000
  0 0.000000 1.671192 5.512085 0.000000 0.999786 0.020689 0.960612 0.891134 1 0 1.000000
  0 0.000000 1.154959 6.764437 0.000000 0.860757 0.509015 0.961476 0.968854 1 0 1.000000
doll01
  0 0.000000 1.671192 5.512085 0.000000 0.999786 0.020689 0.960612 0.891134 1 0 1.000000
  0 1.807775 1.097600 5.397851 0.827418 0.557757 0.065473 0.842580 0.873116 1 0 1.000000
  0 1.714375 0.816738 4.182654 0.612005 0.626828 -0.482220 0.847835 0.801813 1 0 1.000000
doll01
  0 0.000000 1.671192 5.512085 0.000000 0.999786 0.020689 0.960612 0.891134 1 0 1.000000
  0 1.714375 0.816738 4.182654 0.612005 0.626828 -0.482220 0.847835 0.801813 1 0 1.000000
  0 0.000000 1.390329 4.125295 0.000000 0.914396 -0.404820 0.960202 0.805814 1 0 1.000000
doll01
  0 0.000000 0.874097 3.384816 0.000000 0.708709 -0.705501 0.959978 0.749351 1 0 1.000000
  0 0.000000 1.390329 4.125295 0.000000 0.914396 -0.404820 0.960202 0.805814 1 0 1.000000
  0 1.714375 0.816738 4.182654 0.612005 0.626828 -0.482220 0.847835 0.801813 1 0 1.000000
doll01
  0 1.714375 0.816738 4.182654 0.612005 0.626828 -0.482220 0.847835 0.801813 1 0 1.000000
  0 0.000000 0.013709 2.868583 0.000000 0.501734 -0.865022 0.959665 0.685410 1 0 1.000000
  0 0.000000 0.874097 3.384816 0.000000 0.708709 -0.705501 0.959978 0.749351 1 0 1.000000
doll01
  0 1.714375 0.816738 4.182654 0.612005 0.626828 -0.482220 0.847835 0.801813 1 0 1.000000
  0 1.590588 -0.043650 3.442175 0.499431 0.441306 -0.745531 0.820915 0.737264 1 0 1.000000
  0 0.000000 0.013709 2.868583 0.000000 0.501734 -0.865022 0.959665 0.685410 1 0 1.000000
doll01
  0 1.714375 0.816738 4.182654 0.612005 0.626828 -0.482220 0.847835 0.801813 1 0 1.000000
  0 1.610039 -0.909970 2.911349 0.620186 0.202640 -0.757830 0.768613 0.693709 1 0 1.000000
  0 1.590588 -0.043650 3.442175 0.499431 0.441306 -0.745531 0.820915 0.737264 1 0 1.000000
doll01
  0 1.714375 0.816738 4.182654 0.612005 0.626828 -0.482220 0.847835 0.801813 1 0 1.000000
  0 2.032678 -0.909970 3.651750 0.973761 0.085379 -0.210949 0.747373 0.739311 1 0 1.000000
  0 1.610039 -0.909970 2.911349 0.620186 0.202640 -0.757830 0.768613 0.693709 1 0 1.000000
doll01
  0 1.935357 -2.073989 3.654965 0.961101 -0.237963 -0.140207 0.666620 0.727856 1 0 1.000000
  0 1.610039 -0.909970 2.911349 0.620186 0.202640 -0.757830 0.768613 0.693709 1 0 1.000000
  0 2.032678 -0.909970 3.651750 0.973761 0.085379 -0.210949 0.747373 0.739311 1 0 1.000000
doll01
  0 1.935357 -2.073989 3.654965 0.961101 -0.237963 -0.140207 0.666620 0.727856 1 0 1.000000
  0 2.032678 -0.909970 3.651750 0.973761 0.085379 -0.210949 0.747373 0.739311 1 0 1.000000
  0 2.010464 -0.936912 5.462344 0.997412 -0.066663 0.026917 0.713380 0.851586 1 0 1.000000
doll01
  0 2.032678 -0.909970 3.651750 0.973761 0.085379 -0.210949 0.747373 0.739311 1 0 1.000000
  0 1.807775 1.097600 5.397851 0.827418 0.557757 0.065473 0.842580 0.873116 1 0 1.000000
  0 2.010464 -0.936912 5.462344 0.997412 -0.066663 0.026917 0.713380 0.851586 1 0 1.000000
doll01
  0 1.807775 1.097600 5.397851 0.827418 0.557757 0.065473 0.842580 0.873116 1 0 1.000000
  0 1.936492 -1.017738 6.567028 0.939015 -0.094936 0.330511 0.685042 0.916728 1 0 1.000000
  0 2.010464 -0.936912 5.462344 0.997412 -0.066663 0.026917 0.713380 0.851586 1 0 1.000000
doll01
  0 1.807775 1.097600 5.397851 0.827418 0.557757 0.065473 0.842580 0.873116 1 0 1.000000
  0 1.884774 0.210271 6.600851 0.854169 0.318149 0.411310 0.773824 0.933738 1 0 1.000000
  0 1.936492 -1.017738 6.567028 0.939015 -0.094936 0.330511 0.685042 0.916728 1 0 1.000000
doll01
  0 1.935357 -2.073989 3.654965 0.961101 -0.237963 -0.140207 0.666620 0.727856 1 0 1.000000
  0 1.590588 -2.057152 2.968709 0.673342 -0.187419 -0.715181 0.669607 0.688241 1 0 1.000000
  0 1.610039 -0.909970 2.911349 0.620186 0.202640 -0.757830 0.768613 0.693709 1 0 1.000000
doll01
  0 1.935357 -2.073989 3.654965 0.961101 -0.237963 -0.140207 0.666620 0.727856 1 0 1.000000
  0 1.532233 -2.745457 3.140786 0.580779 -0.571945 -0.579288 0.620495 0.700772 1 0 1.000000
  0 1.590588 -2.057152 2.968709 0.673342 -0.187419 -0.715181 0.669607 0.688241 1 0 1.000000
doll01
  0 1.935357 -2.073989 3.654965 0.961101 -0.237963 -0.140207 0.666620 0.727856 1 0 1.000000
  0 1.643396 -2.812805 3.664766 0.716489 -0.697070 -0.027154 0.615674 0.725593 1 0 1.000000
  0 1.532233 -2.745457 3.140786 0.580779 -0.571945 -0.579288 0.620495 0.700772 1 0 1.000000
doll01
  0 0.953281 -2.100170 2.538515 0.279308 -0.300949 -0.911821 0.645528 0.651038 1 0 1.000000
  0 1.590588 -2.057152 2.968709 0.673342 -0.187419 -0.715181 0.669607 0.688241 1 0 1.000000
  0 1.532233 -2.745457 3.140786 0.580779 -0.571945 -0.579288 0.620495 0.700772 1 0 1.000000
doll01
  0 0.903786 -2.584335 5.088990 0.232220 -0.968343 -0.091568 0.555794 0.809403 1 0 1.000000
  0 1.437847 -2.451398 5.540158 0.468019 -0.883411 -0.023307 0.599751 0.830792 1 0 1.000000
  0 0.987482 -2.623261 5.818439 0.229980 -0.969278 0.087226 0.565760 0.845897 1 0 1.000000
doll01
  0 1.201671 -2.262344 6.867767 0.396393 -0.738701 0.545155 0.580698 0.908811 1 0 1.000000
  0 0.987482 -2.623261 5.818439 0.229980 -0.969278 0.087226 0.565760 0.845897 1 0 1.000000
  0 1.437847 -2.451398 5.540158 0.468019 -0.883411 -0.023307 0.599751 0.830792 1 0 1.000000
doll01
  0 1.201671 -2.262344 6.867767 0.396393 -0.738701 0.545155 0.580698 0.908811 1 0 1.000000
  0 1.437847 -2.451398 5.540158 0.468019 -0.883411 -0.023307 0.599751 0.830792 1 0 1.000000
  0 1.815627 -2.118346 6.211606 0.813503 -0.542295 0.210067 0.623588 0.873847 1 0 1.000000
doll01
  0 1.201671 -2.262344 6.867767 0.396393 -0.738701 0.545155 0.580698 0.908811 1 0 1.000000
  0 1.815627 -2.118346 6.211606 0.813503 -0.542295 0.210067 0.623588 0.873847 1 0 1.000000
  0 1.936492 -1.017738 6.567028 0.939015 -0.094936 0.330511 0.685042 0.916728 1 0 1.000000
doll01
  0 1.799324 -1.996909 5.314110 0.920676 -0.390078 0.013984 0.649103 0.824170 1 0 1.000000
  0 1.936492 -1.017738 6.567028 0.939015 -0.094936 0.330511 0.685042 0.916728 1 0 1.000000
  0 1.815627 -2.118346 6.211606 0.813503 -0.542295 0.210067 0.623588 0.873847 1 0 1.000000
doll01
  0 1.799324 -1.996909 5.314110 0.920676 -0.390078 0.013984 0.649103 0.824170 1 0 1.000000
  0 2.010464 -0.936912 5.462344 0.997412 -0.066663 0.026917 0.713380 0.851586 1 0 1.000000
  0 1.936492 -1.017738 6.567028 0.939015 -0.094936 0.330511 0.685042 0.916728 1 0 1.000000
doll01
  0 1.799324 -1.996909 5.314110 0.920676 -0.390078 0.013984 0.649103 0.824170 1 0 1.000000
  0 1.813191 -2.009783 4.451834 0.937939 -0.333129 0.096416 0.661240 0.772348 1 0 1.000000
  0 2.010464 -0.936912 5.462344 0.997412 -0.066663 0.026917 0.713380 0.851586 1 0 1.000000
doll01
  0 1.935357 -2.073989 3.654965 0.961101 -0.237963 -0.140207 0.666620 0.727856 1 0 1.000000
  0 2.010464 -0.936912 5.462344 0.997412 -0.066663 0.026917 0.713380 0.851586 1 0 1.000000
  0 1.813191 -2.009783 4.451834 0.937939 -0.333129 0.096416 0.661240 0.772348 1 0 1.000000
doll01
  0 1.935357 -2.073989 3.654965 0.961101 -0.237963 -0.140207 0.666620 0.727856 1 0 1.000000
  0 1.813191 -2.009783 4.451834 0.937939 -0.333129 0.096416 0.661240 0.772348 1 0 1.000000
  0 1.518013 -2.555982 4.318959 0.509936 -0.766098 0.391228 0.613602 0.753634 1 0 1.000000
doll01
  0 1.935357 -2.073989 3.654965 0.961101 -0.237963 -0.140207 0.666620 0.727856 1 0 1.000000
  0 1.518013 -2.555982 4.318959 0.509936 -0.766098 0.391228 0.613602 0.753634 1 0 1.000000
  0 1.643396 -2.812805 3.664766 0.716489 -0.697070 -0.027154 0.615674 0.725593 1 0 1.000000
doll01
  0 1.045880 -3.133477 3.573167 0.275189 -0.961371 -0.006123 0.572390 0.714346 1 0 1.000000
  0 1.643396 -2.812805 3.664766 0.716489 -0.697070 -0.027154 0.615674 0.725593 1 0 1.000000
  0 1.518013 -2.555982 4.318959 0.509936 -0.766098 0.391228 0.613602 0.753634 1 0 1.000000
doll01
  0 1.045880 -3.133477 3.573167 0.275189 -0.961371 -0.006123 0.572390 0.714346 1 0 1.000000
  0 1.532233 -2.745457 3.140786 0.580779 -0.571945 -0.579288 0.620495 0.700772 1 0 1.000000
  0 1.643396 -2.812805 3.664766 0.716489 -0.697070 -0.027154 0.615674 0.725593 1 0 1.000000
doll01
  0 1.045880 -3.133477 3.573167 0.275189 -0.961371 -0.006123 0.572390 0.714346 1 0 1.000000
  0 0.510807 -2.900483 2.940780 0.196140 -0.754924 -0.625794 0.558833 0.647285 1 0 1.000000
  0 1.532233 -2.745457 3.140786 0.580779 -0.571945 -0.579288 0.620495 0.700772 1 0 1.000000
doll01
  0 0.953281 -2.100170 2.538515 0.279308 -0.300949 -0.911821 0.645528 0.651038 1 0 1.000000
  0 1.532233 -2.745457 3.140786 0.580779 -0.571945 -0.579288 0.620495 0.700772 1 0 1.000000
  0 0.510807 -2.900483 2.940780 0.196140 -0.754924 -0.625794 0.558833 0.647285 1 0 1.000000
doll01
  0 0.953281 -2.100170 2.538515 0.279308 -0.300949 -0.911821 0.645528 0.651038 1 0 1.000000
  0 0.510807 -2.900483 2.940780 0.196140 -0.754924 -0.625794 0.558833 0.647285 1 0 1.000000
  0 0.000000 -2.974890 2.911349 -0.013814 -0.666448 -0.745423 0.497205 0.645054 1 0 1.000000
doll01
  0 0.953281 -2.100170 2.538515 0.279308 -0.300949 -0.911821 0.645528 0.651038 1 0 1.000000
  0 0.000000 -2.974890 2.911349 -0.013814 -0.666448 -0.745423 0.497205 0.645054 1 0 1.000000
  0 0.000000 -2.114510 2.395117 -0.004424 -0.234215 -0.972175 0.498710 0.622327 1 0 1.000000
doll01
  0 -0.953281 -2.100170 2.538515 -0.279015 -0.311092 -0.908500 0.349345 0.650402 1 0 1.000000
  0 0.000000 -2.114510 2.395117 -0.004424 -0.234215 -0.972175 0.498710 0.622327 1 0 1.000000
  0 0.000000 -2.974890 2.911349 -0.013814 -0.666448 -0.745423 0.497205 0.645054 1 0 1.000000
doll01
  0 -0.953281 -2.100170 2.538515 -0.279015 -0.311092 -0.908500 0.349345 0.650402 1 0 1.000000
  0 0.000000 -2.974890 2.911349 -0.013814 -0.666448 -0.745423 0.497205 0.645054 1 0 1.000000
  0 -0.461346 -2.862589 2.937930 -0.213373 -0.767106 -0.604996 0.439700 0.645044 1 0 1.000000
doll01
  0 1.799324 -1.996909 5.314110 0.920676 -0.390078 0.013984 0.649103 0.824170 1 0 1.000000
  0 1.548792 -2.369777 4.968892 0.535847 -0.841202 0.072431 0.615661 0.794927 1 0 1.000000
  0 1.518013 -2.555982 4.318959 0.509936 -0.766098 0.391228 0.613602 0.753634 1 0 1.000000
doll01
  0 1.799324 -1.996909 5.314110 0.920676 -0.390078 0.013984 0.649103 0.824170 1 0 1.000000
  0 1.518013 -2.555982 4.318959 0.509936 -0.766098 0.391228 0.613602 0.753634 1 0 1.000000
  0 1.813191 -2.009783 4.451834 0.937939 -0.333129 0.096416 0.661240 0.772348 1 0 1.000000
doll01
  0 1.045880 -3.133477 3.573167 0.275189 -0.961371 -0.006123 0.572390 0.714346 1 0 1.000000
  0 1.518013 -2.555982 4.318959 0.509936 -0.766098 0.391228 0.613602 0.753634 1 0 1.000000
  0 0.930512 -2.878650 4.124640 0.256122 -0.829771 0.495864 0.568620 0.734943 1 0 1.000000
doll01
  0 1.799324 -1.996909 5.314110 0.920676 -0.390078 0.013984 0.649103 0.824170 1 0 1.000000
  0 1.815627 -2.118346 6.211606 0.813503 -0.542295 0.210067 0.623588 0.873847 1 0 1.000000
  0 1.437847 -2.451398 5.540158 0.468019 -0.883411 -0.023307 0.599751 0.830792 1 0 1.000000
doll01
  0 1.799324 -1.996909 5.314110 0.920676 -0.390078 0.013984 0.649103 0.824170 1 0 1.000000
  0 1.437847 -2.451398 5.540158 0.468019 -0.883411 -0.023307 0.599751 0.830792 1 0 1.000000
  0 1.548792 -2.369777 4.968892 0.535847 -0.841202 0.072431 0.615661 0.794927 1 0 1.000000
doll01
  0 1.243765 -2.369529 4.756346 0.227139 -0.955819 0.186597 0.587346 0.785205 1 0 1.000000
  0 1.548792 -2.369777 4.968892 0.535847 -0.841202 0.072431 0.615661 0.794927 1 0 1.000000
  0 1.437847 -2.451398 5.540158 0.468019 -0.883411 -0.023307 0.599751 0.830792 1 0 1.000000
doll01
  0 1.243765 -2.369529 4.756346 0.227139 -0.955819 0.186597 0.587346 0.785205 1 0 1.000000
  0 1.518013 -2.555982 4.318959 0.509936 -0.766098 0.391228 0.613602 0.753634 1 0 1.000000
  0 1.548792 -2.369777 4.968892 0.535847 -0.841202 0.072431 0.615661 0.794927 1 0 1.000000
doll01
  0 1.243765 -2.369529 4.756346 0.227139 -0.955819 0.186597 0.587346 0.785205 1 0 1.000000
  0 0.898234 -2.625440 4.436457 0.208459 -0.826505 0.522909 0.554336 0.762590 1 0 1.000000
  0 1.518013 -2.555982 4.318959 0.509936 -0.766098 0.391228 0.613602 0.753634 1 0 1.000000
doll01
  0 0.930512 -2.878650 4.124640 0.256122 -0.829771 0.495864 0.568620 0.734943 1 0 1.000000
  0 1.518013 -2.555982 4.318959 0.509936 -0.766098 0.391228 0.613602 0.753634 1 0 1.000000
  0 0.898234 -2.625440 4.436457 0.208459 -0.826505 0.522909 0.554336 0.762590 1 0 1.000000
doll01
  0 0.898234 -2.625440 4.436457 0.208459 -0.826505 0.522909 0.554336 0.762590 1 0 1.000000
  0 0.289317 -3.079795 4.049101 0.516138 -0.831348 0.206063 0.523316 0.725360 1 0 1.000000
  0 0.930512 -2.878650 4.124640 0.256122 -0.829771 0.495864 0.568620 0.734943 1 0 1.000000
doll01
  0 1.045880 -3.133477 3.573167 0.275189 -0.961371 -0.006123 0.572390 0.714346 1 0 1.000000
  0 0.930512 -2.878650 4.124640 0.256122 -0.829771 0.495864 0.568620 0.734943 1 0 1.000000
  0 0.289317 -3.079795 4.049101 0.516138 -0.831348 0.206063 0.523316 0.725360 1 0 1.000000
doll01
  0 1.045880 -3.133477 3.573167 0.275189 -0.961371 -0.006123 0.572390 0.714346 1 0 1.000000
  0 0.289317 -3.079795 4.049101 0.516138 -0.831348 0.206063 0.523316 0.725360 1 0 1.000000
  0 0.401107 -3.231601 3.574688 0.148011 -0.987487 -0.054422 0.523492 0.708478 1 0 1.000000
doll01
  0 1.045880 -3.133477 3.573167 0.275189 -0.961371 -0.006123 0.572390 0.714346 1 0 1.000000
  0 0.401107 -3.231601 3.574688 0.148011 -0.987487 -0.054422 0.523492 0.708478 1 0 1.000000
  0 0.510807 -2.900483 2.940780 0.196140 -0.754924 -0.625794 0.558833 0.647285 1 0 1.000000
doll01
  0 -0.010204 -3.309573 3.577896 -0.006165 -0.999394 0.034241 0.496636 0.709077 1 0 1.000000
  0 0.510807 -2.900483 2.940780 0.196140 -0.754924 -0.625794 0.558833 0.647285 1 0 1.000000
  0 0.401107 -3.231601 3.574688 0.148011 -0.987487 -0.054422 0.523492 0.708478 1 0 1.000000
doll01
  0 -0.010204 -3.309573 3.577896 -0.006165 -0.999394 0.034241 0.496636 0.709077 1 0 1.000000
  0 0.000000 -2.974890 2.911349 -0.013814 -0.666448 -0.745423 0.497205 0.645054 1 0 1.000000
  0 0.510807 -2.900483 2.940780 0.196140 -0.754924 -0.625794 0.558833 0.647285 1 0 1.000000
doll01
  0 -0.010204 -3.309573 3.577896 -0.006165 -0.999394 0.034241 0.496636 0.709077 1 0 1.000000
  0 -0.461346 -2.862589 2.937930 -0.213373 -0.767106 -0.604996 0.439700 0.645044 1 0 1.000000
  0 0.000000 -2.974890 2.911349 -0.013814 -0.666448 -0.745423 0.497205 0.645054 1 0 1.000000
doll01
  0 -0.010204 -3.309573 3.577896 -0.006165 -0.999394 0.034241 0.496636 0.709077 1 0 1.000000
  0 -0.373000 -3.222759 3.574325 -0.221231 -0.969927 -0.101479 0.472759 0.707867 1 0 1.000000
  0 -0.461346 -2.862589 2.937930 -0.213373 -0.767106 -0.604996 0.439700 0.645044 1 0 1.000000
doll01
  0 -1.045880 -3.013846 3.573167 -0.293553 -0.955229 -0.036934 0.417889 0.711520 1 0 1.000000
  0 -0.461346 -2.862589 2.937930 -0.213373 -0.767106 -0.604996 0.439700 0.645044 1 0 1.000000
  0 -0.373000 -3.222759 3.574325 -0.221231 -0.969927 -0.101479 0.472759 0.707867 1 0 1.000000
doll01
  0 -1.045880 -3.013846 3.573167 -0.293553 -0.955229 -0.036934 0.417889 0.711520 1 0 1.000000
  0 -0.373000 -3.222759 3.574325 -0.221231 -0.969927 -0.101479 0.472759 0.707867 1 0 1.000000
  0 -0.289317 -3.079795 4.177200 -0.554946 -0.777064 0.296996 0.470585 0.722479 1 0 1.000000
doll01
  0 -1.045880 -3.013846 3.573167 -0.293553 -0.955229 -0.036934 0.417889 0.711520 1 0 1.000000
  0 -0.289317 -3.079795 4.177200 -0.554946 -0.777064 0.296996 0.470585 0.722479 1 0 1.000000
  0 -0.930512 -2.878650 4.124640 -0.260914 -0.803529 0.535038 0.425430 0.734528 1 0 1.000000
doll01
  0 -0.882042 -2.632592 4.345651 -0.195046 -0.779204 0.595650 0.435010 0.746894 1 0 1.000000
  0 -0.930512 -2.878650 4.124640 -0.260914 -0.803529 0.535038 0.425430 0.734528 1 0 1.000000
  0 -0.289317 -3.079795 4.177200 -0.554946 -0.777064 0.296996 0.470585 0.722479 1 0 1.000000
doll01
  0 0.898234 -2.625440 4.436457 0.208459 -0.826505 0.522909 0.554336 0.762590 1 0 1.000000
  0 0.219768 -2.985568 4.336758 0.617990 -0.501318 0.605614 0.513767 0.742004 1 0 1.000000
  0 0.289317 -3.079795 4.049101 0.516138 -0.831348 0.206063 0.523316 0.725360 1 0 1.000000
doll01
  0 -1.045880 -3.013846 3.573167 -0.293553 -0.955229 -0.036934 0.417889 0.711520 1 0 1.000000
  0 -0.930512 -2.878650 4.124640 -0.260914 -0.803529 0.535038 0.425430 0.734528 1 0 1.000000
  0 -1.518013 -2.555982 4.318959 -0.484607 -0.774730 0.406140 0.380325 0.752949 1 0 1.000000
doll01
  0 -0.882042 -2.632592 4.345651 -0.195046 -0.779204 0.595650 0.435010 0.746894 1 0 1.000000
  0 -0.289317 -3.079795 4.177200 -0.554946 -0.777064 0.296996 0.470585 0.722479 1 0 1.000000
  0 -0.246105 -2.998482 4.301713 -0.535732 -0.496405 0.683061 0.478224 0.740106 1 0 1.000000
doll01
  0 1.243765 -2.369529 4.756346 0.227139 -0.955819 0.186597 0.587346 0.785205 1 0 1.000000
  0 0.219768 -2.985568 4.336758 0.617990 -0.501318 0.605614 0.513767 0.742004 1 0 1.000000
  0 0.898234 -2.625440 4.436457 0.208459 -0.826505 0.522909 0.554336 0.762590 1 0 1.000000
doll01
  0 1.243765 -2.369529 4.756346 0.227139 -0.955819 0.186597 0.587346 0.785205 1 0 1.000000
  0 -0.001791 -3.040831 4.484205 -0.021007 -0.598691 0.800705 0.497487 0.755998 1 0 1.000000
  0 0.219768 -2.985568 4.336758 0.617990 -0.501318 0.605614 0.513767 0.742004 1 0 1.000000
doll01
  0 -0.001791 -3.040831 4.484205 -0.021007 -0.598691 0.800705 0.497487 0.755998 1 0 1.000000
  0 -0.003045 -3.363699 4.417180 -0.009324 -0.536555 0.843814 0.498455 0.746333 1 0 1.000000
  0 0.219768 -2.985568 4.336758 0.617990 -0.501318 0.605614 0.513767 0.742004 1 0 1.000000
doll01
  0 -0.003045 -3.363699 4.417180 -0.009324 -0.536555 0.843814 0.498455 0.746333 1 0 1.000000
  0 0.162010 -3.385792 4.218838 0.753868 -0.656962 0.009160 0.509175 0.736204 1 0 1.000000
  0 0.219768 -2.985568 4.336758 0.617990 -0.501318 0.605614 0.513767 0.742004 1 0 1.000000
doll01
  0 0.219768 -2.985568 4.336758 0.617990 -0.501318 0.605614 0.513767 0.742004 1 0 1.000000
  0 0.162010 -3.385792 4.218838 0.753868 -0.656962 0.009160 0.509175 0.736204 1 0 1.000000
  0 0.289317 -3.079795 4.049101 0.516138 -0.831348 0.206063 0.523316 0.725360 1 0 1.000000
doll01
  0 0.289317 -3.079795 4.049101 0.516138 -0.831348 0.206063 0.523316 0.725360 1 0 1.000000
  0 0.162010 -3.385792 4.218838 0.753868 -0.656962 0.009160 0.509175 0.736204 1 0 1.000000
  0 0.000000 -3.216456 3.951288 0.123834 -0.914142 -0.386017 0.497107 0.724676 1 0 1.000000
doll01
  0 0.000000 -3.216456 3.951288 0.123834 -0.914142 -0.386017 0.497107 0.724676 1 0 1.000000
  0 0.401107 -3.231601 3.574688 0.148011 -0.987487 -0.054422 0.523492 0.708478 1 0 1.000000
  0 0.289317 -3.079795 4.049101 0.516138 -0.831348 0.206063 0.523316 0.725360 1 0 1.000000
doll01
  0 0.000000 -3.216456 3.951288 0.123834 -0.914142 -0.386017 0.497107 0.724676 1 0 1.000000
  0 -0.010204 -3.309573 3.577896 -0.006165 -0.999394 0.034241 0.496636 0.709077 1 0 1.000000
  0 0.401107 -3.231601 3.574688 0.148011 -0.987487 -0.054422 0.523492 0.708478 1 0 1.000000
doll01
  0 -0.010204 -3.309573 3.577896 -0.006165 -0.999394 0.034241 0.496636 0.709077 1 0 1.000000
  0 0.000000 -3.216456 3.951288 0.123834 -0.914142 -0.386017 0.497107 0.724676 1 0 1.000000
  0 -0.289317 -3.079795 4.177200 -0.554946 -0.777064 0.296996 0.470585 0.722479 1 0 1.000000
doll01
  0 -0.010204 -3.309573 3.577896 -0.006165 -0.999394 0.034241 0.496636 0.709077 1 0 1.000000
  0 -0.289317 -3.079795 4.177200 -0.554946 -0.777064 0.296996 0.470585 0.722479 1 0 1.000000
  0 -0.373000 -3.222759 3.574325 -0.221231 -0.969927 -0.101479 0.472759 0.707867 1 0 1.000000
doll01
  0 1.243765 -2.369529 4.756346 0.227139 -0.955819 0.186597 0.587346 0.785205 1 0 1.000000
  0 -0.001445 -2.783710 4.698003 -0.011841 -0.968979 0.246858 0.497305 0.770289 1 0 1.000000
  0 -0.001791 -3.040831 4.484205 -0.021007 -0.598691 0.800705 0.497487 0.755998 1 0 1.000000
doll01
  0 -0.882042 -2.632592 4.345651 -0.195046 -0.779204 0.595650 0.435010 0.746894 1 0 1.000000
  0 -0.001791 -3.040831 4.484205 -0.021007 -0.598691 0.800705 0.497487 0.755998 1 0 1.000000
  0 -0.001445 -2.783710 4.698003 -0.011841 -0.968979 0.246858 0.497305 0.770289 1 0 1.000000
doll01
  0 -0.882042 -2.632592 4.345651 -0.195046 -0.779204 0.595650 0.435010 0.746894 1 0 1.000000
  0 -0.246105 -2.998482 4.301713 -0.535732 -0.496405 0.683061 0.478224 0.740106 1 0 1.000000
  0 -0.001791 -3.040831 4.484205 -0.021007 -0.598691 0.800705 0.497487 0.755998 1 0 1.000000
doll01
  0 -0.246105 -2.998482 4.301713 -0.535732 -0.496405 0.683061 0.478224 0.740106 1 0 1.000000
  0 -0.003045 -3.363699 4.417180 -0.009324 -0.536555 0.843814 0.498455 0.746333 1 0 1.000000
  0 -0.001791 -3.040831 4.484205 -0.021007 -0.598691 0.800705 0.497487 0.755998 1 0 1.000000
doll01
  0 -0.289317 -3.079795 4.177200 -0.554946 -0.777064 0.296996 0.470585 0.722479 1 0 1.000000
  0 -0.003045 -3.363699 4.417180 -0.009324 -0.536555 0.843814 0.498455 0.746333 1 0 1.000000
  0 -0.246105 -2.998482 4.301713 -0.535732 -0.496405 0.683061 0.478224 0.740106 1 0 1.000000
doll01
  0 -0.289317 -3.079795 4.177200 -0.554946 -0.777064 0.296996 0.470585 0.722479 1 0 1.000000
  0 -0.166070 -3.385792 4.243111 -0.708859 -0.695267 0.118842 0.487997 0.737417 1 0 1.000000
  0 -0.003045 -3.363699 4.417180 -0.009324 -0.536555 0.843814 0.498455 0.746333 1 0 1.000000
doll01
  0 0.000000 -3.216456 3.951288 0.123834 -0.914142 -0.386017 0.497107 0.724676 1 0 1.000000
  0 -0.166070 -3.385792 4.243111 -0.708859 -0.695267 0.118842 0.487997 0.737417 1 0 1.000000
  0 -0.289317 -3.079795 4.177200 -0.554946 -0.777064 0.296996 0.470585 0.722479 1 0 1.000000
doll01
  0 0.000000 -3.216456 3.951288 0.123834 -0.914142 -0.386017 0.497107 0.724676 1 0 1.000000
  0 -0.002030 -3.463278 4.115021 -0.031342 -0.881959 -0.470283 0.498609 0.731978 1 0 1.000000
  0 -0.166070 -3.385792 4.243111 -0.708859 -0.695267 0.118842 0.487997 0.737417 1 0 1.000000
doll01
  0 -0.002030 -3.463278 4.115021 -0.031342 -0.881959 -0.470283 0.498609 0.731978 1 0 1.000000
  0 0.000000 -3.216456 3.951288 0.123834 -0.914142 -0.386017 0.497107 0.724676 1 0 1.000000
  0 0.162010 -3.385792 4.218838 0.753868 -0.656962 0.009160 0.509175 0.736204 1 0 1.000000
doll01
  0 0.162010 -3.385792 4.218838 0.753868 -0.656962 0.009160 0.509175 0.736204 1 0 1.000000
  0 -0.010182 -3.471899 4.243111 -0.003233 -0.969858 0.243650 0.498070 0.738602 1 0 1.000000
  0 -0.002030 -3.463278 4.115021 -0.031342 -0.881959 -0.470283 0.498609 0.731978 1 0 1.000000
doll01
  0 0.162010 -3.385792 4.218838 0.753868 -0.656962 0.009160 0.509175 0.736204 1 0 1.000000
  0 -0.003045 -3.363699 4.417180 -0.009324 -0.536555 0.843814 0.498455 0.746333 1 0 1.000000
  0 -0.010182 -3.471899 4.243111 -0.003233 -0.969858 0.243650 0.498070 0.738602 1 0 1.000000
doll01
  0 -0.166070 -3.385792 4.243111 -0.708859 -0.695267 0.118842 0.487997 0.737417 1 0 1.000000
  0 -0.010182 -3.471899 4.243111 -0.003233 -0.969858 0.243650 0.498070 0.738602 1 0 1.000000
  0 -0.003045 -3.363699 4.417180 -0.009324 -0.536555 0.843814 0.498455 0.746333 1 0 1.000000
doll01
  0 -0.002030 -3.463278 4.115021 -0.031342 -0.881959 -0.470283 0.498609 0.731978 1 0 1.000000
  0 -0.010182 -3.471899 4.243111 -0.003233 -0.969858 0.243650 0.498070 0.738602 1 0 1.000000
  0 -0.166070 -3.385792 4.243111 -0.708859 -0.695267 0.118842 0.487997 0.737417 1 0 1.000000
doll01
  0 -0.882042 -2.632592 4.345651 -0.195046 -0.779204 0.595650 0.435010 0.746894 1 0 1.000000
  0 -1.518013 -2.555982 4.318959 -0.484607 -0.774730 0.406140 0.380325 0.752949 1 0 1.000000
  0 -0.930512 -2.878650 4.124640 -0.260914 -0.803529 0.535038 0.425430 0.734528 1 0 1.000000
doll01
  0 -1.186831 -2.367922 4.767353 -0.223389 -0.960276 0.167232 0.403577 0.775235 1 0 1.000000
  0 -1.518013 -2.555982 4.318959 -0.484607 -0.774730 0.406140 0.380325 0.752949 1 0 1.000000
  0 -0.882042 -2.632592 4.345651 -0.195046 -0.779204 0.595650 0.435010 0.746894 1 0 1.000000
doll01
  0 -1.186831 -2.367922 4.767353 -0.223389 -0.960276 0.167232 0.403577 0.775235 1 0 1.000000
  0 -1.548792 -2.369777 4.968892 -0.522959 -0.850006 0.063276 0.377986 0.794106 1 0 1.000000
  0 -1.518013 -2.555982 4.318959 -0.484607 -0.774730 0.406140 0.380325 0.752949 1 0 1.000000
doll01
  0 -1.186831 -2.367922 4.767353 -0.223389 -0.960276 0.167232 0.403577 0.775235 1 0 1.000000
  0 -1.437847 -2.451398 5.540158 -0.459272 -0.887767 -0.030654 0.393636 0.829938 1 0 1.000000
  0 -1.548792 -2.369777 4.968892 -0.522959 -0.850006 0.063276 0.377986 0.794106 1 0 1.000000
doll01
  0 -1.799324 -1.996909 5.314110 -0.920676 -0.390078 0.013984 0.344546 0.823060 1 0 1.000000
  0 -1.548792 -2.369777 4.968892 -0.522959 -0.850006 0.063276 0.377986 0.794106 1 0 1.000000
  0 -1.437847 -2.451398 5.540158 -0.459272 -0.887767 -0.030654 0.393636 0.829938 1 0 1.000000
doll01
  0 -1.799324 -1.996909 5.314110 -0.920676 -0.390078 0.013984 0.344546 0.823060 1 0 1.000000
  0 -1.437847 -2.451398 5.540158 -0.459272 -0.887767 -0.030654 0.393636 0.829938 1 0 1.000000
  0 -1.815627 -2.118346 6.211606 -0.813503 -0.542295 0.210067 0.369670 0.872695 1 0 1.000000
doll01
  0 -1.799324 -1.996909 5.314110 -0.920676 -0.390078 0.013984 0.344546 0.823060 1 0 1.000000
  0 -1.518013 -2.555982 4.318959 -0.484607 -0.774730 0.406140 0.380325 0.752949 1 0 1.000000
  0 -1.548792 -2.369777 4.968892 -0.522959 -0.850006 0.063276 0.377986 0.794106 1 0 1.000000
doll01
  0 -1.799324 -1.996909 5.314110 -0.920676 -0.390078 0.013984 0.344546 0.823060 1 0 1.000000
  0 -1.813191 -2.009783 4.451834 -0.937939 -0.333129 0.096416 0.332659 0.771406 1 0 1.000000
  0 -1.518013 -2.555982 4.318959 -0.484607 -0.774730 0.406140 0.380325 0.752949 1 0 1.000000
doll01
  0 -1.186831 -2.367922 4.767353 -0.223389 -0.960276 0.167232 0.403577 0.775235 1 0 1.000000
  0 -0.930527 -2.576375 5.191408 -0.225768 -0.968565 -0.104455 0.428870 0.807070 1 0 1.000000
  0 -1.437847 -2.451398 5.540158 -0.459272 -0.887767 -0.030654 0.393636 0.829938 1 0 1.000000
doll01
  0 -0.953281 -2.100170 2.538515 -0.279015 -0.311092 -0.908500 0.349345 0.650402 1 0 1.000000
  0 -0.461346 -2.862589 2.937930 -0.213373 -0.767106 -0.604996 0.439700 0.645044 1 0 1.000000
  0 -1.532233 -2.745457 3.140786 -0.553705 -0.616817 -0.559417 0.373933 0.700119 1 0 1.000000
doll01
  0 -1.045880 -3.013846 3.573167 -0.293553 -0.955229 -0.036934 0.417889 0.711520 1 0 1.000000
  0 -1.532233 -2.745457 3.140786 -0.553705 -0.616817 -0.559417 0.373933 0.700119 1 0 1.000000
  0 -0.461346 -2.862589 2.937930 -0.213373 -0.767106 -0.604996 0.439700 0.645044 1 0 1.000000
doll01
  0 -1.045880 -3.013846 3.573167 -0.293553 -0.955229 -0.036934 0.417889 0.711520 1 0 1.000000
  0 -1.643396 -2.812805 3.664766 -0.678863 -0.733918 -0.022576 0.378535 0.724925 1 0 1.000000
  0 -1.532233 -2.745457 3.140786 -0.553705 -0.616817 -0.559417 0.373933 0.700119 1 0 1.000000
doll01
  0 -1.045880 -3.013846 3.573167 -0.293553 -0.955229 -0.036934 0.417889 0.711520 1 0 1.000000
  0 -1.518013 -2.555982 4.318959 -0.484607 -0.774730 0.406140 0.380325 0.752949 1 0 1.000000
  0 -1.643396 -2.812805 3.664766 -0.678863 -0.733918 -0.022576 0.378535 0.724925 1 0 1.000000
doll01
  0 -1.935357 -2.073989 3.654965 -0.961101 -0.237963 -0.140207 0.327475 0.727033 1 0 1.000000
  0 -1.643396 -2.812805 3.664766 -0.678863 -0.733918 -0.022576 0.378535 0.724925 1 0 1.000000
  0 -1.518013 -2.555982 4.318959 -0.484607 -0.774730 0.406140 0.380325 0.752949 1 0 1.000000
doll01
  0 -1.935357 -2.073989 3.654965 -0.961101 -0.237963 -0.140207 0.327475 0.727033 1 0 1.000000
  0 -1.518013 -2.555982 4.318959 -0.484607 -0.774730 0.406140 0.380325 0.752949 1 0 1.000000
  0 -1.813191 -2.009783 4.451834 -0.937939 -0.333129 0.096416 0.332659 0.771406 1 0 1.000000
doll01
  0 -1.935357 -2.073989 3.654965 -0.961101 -0.237963 -0.140207 0.327475 0.727033 1 0 1.000000
  0 -1.813191 -2.009783 4.451834 -0.937939 -0.333129 0.096416 0.332659 0.771406 1 0 1.000000
  0 -2.010464 -0.936912 5.462344 -0.997412 -0.066663 0.026917 0.280536 0.850160 1 0 1.000000
doll01
  0 -1.799324 -1.996909 5.314110 -0.920676 -0.390078 0.013984 0.344546 0.823060 1 0 1.000000
  0 -2.010464 -0.936912 5.462344 -0.997412 -0.066663 0.026917 0.280536 0.850160 1 0 1.000000
  0 -1.813191 -2.009783 4.451834 -0.937939 -0.333129 0.096416 0.332659 0.771406 1 0 1.000000
doll01
  0 -1.799324 -1.996909 5.314110 -0.920676 -0.390078 0.013984 0.344546 0.823060 1 0 1.000000
  0 -1.936492 -1.017738 6.567028 -0.939015 -0.094936 0.330511 0.308463 0.915101 1 0 1.000000
  0 -2.010464 -0.936912 5.462344 -0.997412 -0.066663 0.026917 0.280536 0.850160 1 0 1.000000
doll01
  0 -1.799324 -1.996909 5.314110 -0.920676 -0.390078 0.013984 0.344546 0.823060 1 0 1.000000
  0 -1.815627 -2.118346 6.211606 -0.813503 -0.542295 0.210067 0.369670 0.872695 1 0 1.000000
  0 -1.936492 -1.017738 6.567028 -0.939015 -0.094936 0.330511 0.308463 0.915101 1 0 1.000000
doll01
  0 -1.201671 -2.262344 6.867767 -0.396393 -0.738701 0.545155 0.411969 0.907918 1 0 1.000000
  0 -1.936492 -1.017738 6.567028 -0.939015 -0.094936 0.330511 0.308463 0.915101 1 0 1.000000
  0 -1.815627 -2.118346 6.211606 -0.813503 -0.542295 0.210067 0.369670 0.872695 1 0 1.000000
doll01
  0 -1.201671 -2.262344 6.867767 -0.396393 -0.738701 0.545155 0.411969 0.907918 1 0 1.000000
  0 -1.815627 -2.118346 6.211606 -0.813503 -0.542295 0.210067 0.369670 0.872695 1 0 1.000000
  0 -1.437847 -2.451398 5.540158 -0.459272 -0.887767 -0.030654 0.393636 0.829938 1 0 1.000000
doll01
  0 -1.201671 -2.262344 6.867767 -0.396393 -0.738701 0.545155 0.411969 0.907918 1 0 1.000000
  0 -1.437847 -2.451398 5.540158 -0.459272 -0.887767 -0.030654 0.393636 0.829938 1 0 1.000000
  0 -0.987482 -2.623261 5.818439 -0.229466 -0.970087 0.079226 0.427386 0.845259 1 0 1.000000
doll01
  0 -0.987482 -2.623261 5.818439 -0.229466 -0.970087 0.079226 0.427386 0.845259 1 0 1.000000
  0 -1.437847 -2.451398 5.540158 -0.459272 -0.887767 -0.030654 0.393636 0.829938 1 0 1.000000
  0 -0.930527 -2.576375 5.191408 -0.225768 -0.968565 -0.104455 0.428870 0.807070 1 0 1.000000
doll01
  0 -0.930527 -2.576375 5.191408 -0.225768 -0.968565 -0.104455 0.428870 0.807070 1 0 1.000000
  0 0.000000 -2.707780 5.589416 -0.002298 -0.998394 0.056603 0.496547 0.829875 1 0 1.000000
  0 -0.987482 -2.623261 5.818439 -0.229466 -0.970087 0.079226 0.427386 0.845259 1 0 1.000000
doll01
  0 0.000000 -2.707780 5.589416 -0.002298 -0.998394 0.056603 0.496547 0.829875 1 0 1.000000
  0 -0.930527 -2.576375 5.191408 -0.225768 -0.968565 -0.104455 0.428870 0.807070 1 0 1.000000
  0 -1.186831 -2.367922 4.767353 -0.223389 -0.960276 0.167232 0.403577 0.775235 1 0 1.000000
doll01
  0 0.000000 -2.707780 5.589416 -0.002298 -0.998394 0.056603 0.496547 0.829875 1 0 1.000000
  0 -1.186831 -2.367922 4.767353 -0.223389 -0.960276 0.167232 0.403577 0.775235 1 0 1.000000
  0 -0.001445 -2.783710 4.698003 -0.011841 -0.968979 0.246858 0.497305 0.770289 1 0 1.000000
doll01
  0 -0.882042 -2.632592 4.345651 -0.195046 -0.779204 0.595650 0.435010 0.746894 1 0 1.000000
  0 -0.001445 -2.783710 4.698003 -0.011841 -0.968979 0.246858 0.497305 0.770289 1 0 1.000000
  0 -1.186831 -2.367922 4.767353 -0.223389 -0.960276 0.167232 0.403577 0.775235 1 0 1.000000
doll01
  0 -1.935357 -2.073989 3.654965 -0.961101 -0.237963 -0.140207 0.327475 0.727033 1 0 1.000000
  0 -1.532233 -2.745457 3.140786 -0.553705 -0.616817 -0.559417 0.373933 0.700119 1 0 1.000000
  0 -1.643396 -2.812805 3.664766 -0.678863 -0.733918 -0.022576 0.378535 0.724925 1 0 1.000000
doll01
  0 -1.201671 -2.262344 6.867767 -0.396393 -0.738701 0.545155 0.411969 0.907918 1 0 1.000000
  0 0.000000 -2.707780 5.589416 -0.002298 -0.998394 0.056603 0.496547 0.829875 1 0 1.000000
  0 0.000000 -2.317151 7.006042 0.000000 -0.782515 0.622632 0.496056 0.922844 1 0 1.000000
doll01
  0 -1.201671 -2.262344 6.867767 -0.396393 -0.738701 0.545155 0.411969 0.907918 1 0 1.000000
  0 -0.987482 -2.623261 5.818439 -0.229466 -0.970087 0.079226 0.427386 0.845259 1 0 1.000000
  0 0.000000 -2.707780 5.589416 -0.002298 -0.998394 0.056603 0.496547 0.829875 1 0 1.000000
doll01
  0 -1.935357 -2.073989 3.654965 -0.961101 -0.237963 -0.140207 0.327475 0.727033 1 0 1.000000
  0 -2.010464 -0.936912 5.462344 -0.997412 -0.066663 0.026917 0.280536 0.850160 1 0 1.000000
  0 -2.032678 -0.909970 3.651750 -0.973761 0.085379 -0.210949 0.246647 0.738409 1 0 1.000000
doll01
  0 -1.807775 1.097600 5.397851 -0.827418 0.557757 0.065473 0.152225 0.872038 1 0 1.000000
  0 -1.936492 -1.017738 6.567028 -0.939015 -0.094936 0.330511 0.308463 0.915101 1 0 1.000000
  0 -1.884774 0.210271 6.600851 -0.854169 0.318149 0.411310 0.220813 0.932088 1 0 1.000000
doll01
  0 -1.807775 1.097600 5.397851 -0.827418 0.557757 0.065473 0.152225 0.872038 1 0 1.000000
  0 -2.010464 -0.936912 5.462344 -0.997412 -0.066663 0.026917 0.280536 0.850160 1 0 1.000000
  0 -1.936492 -1.017738 6.567028 -0.939015 -0.094936 0.330511 0.308463 0.915101 1 0 1.000000
doll01
  0 -2.010464 -0.936912 5.462344 -0.997412 -0.066663 0.026917 0.280536 0.850160 1 0 1.000000
  0 -1.807775 1.097600 5.397851 -0.827418 0.557757 0.065473 0.152225 0.872038 1 0 1.000000
  0 -2.032678 -0.909970 3.651750 -0.973761 0.085379 -0.210949 0.246647 0.738409 1 0 1.000000
doll01
  0 -2.032678 -0.909970 3.651750 -0.973761 0.085379 -0.210949 0.246647 0.738409 1 0 1.000000
  0 -1.807775 1.097600 5.397851 -0.827418 0.557757 0.065473 0.152225 0.872038 1 0 1.000000
  0 -1.714375 0.816738 4.182654 -0.612005 0.626828 -0.482220 0.146541 0.800992 1 0 1.000000
doll01
  0 -1.714375 0.816738 4.182654 -0.612005 0.626828 -0.482220 0.146541 0.800992 1 0 1.000000
  0 -1.610039 -0.909970 2.911349 -0.620186 0.202640 -0.757830 0.225256 0.692949 1 0 1.000000
  0 -2.032678 -0.909970 3.651750 -0.973761 0.085379 -0.210949 0.246647 0.738409 1 0 1.000000
doll01
  0 -1.935357 -2.073989 3.654965 -0.961101 -0.237963 -0.140207 0.327475 0.727033 1 0 1.000000
  0 -2.032678 -0.909970 3.651750 -0.973761 0.085379 -0.210949 0.246647 0.738409 1 0 1.000000
  0 -1.610039 -0.909970 2.911349 -0.620186 0.202640 -0.757830 0.225256 0.692949 1 0 1.000000
doll01
  0 -1.935357 -2.073989 3.654965 -0.961101 -0.237963 -0.140207 0.327475 0.727033 1 0 1.000000
  0 -1.610039 -0.909970 2.911349 -0.620186 0.202640 -0.757830 0.225256 0.692949 1 0 1.000000
  0 -1.590588 -2.057152 2.968709 -0.670209 -0.192132 -0.716872 0.324694 0.687491 1 0 1.000000
doll01
  0 -1.935357 -2.073989 3.654965 -0.961101 -0.237963 -0.140207 0.327475 0.727033 1 0 1.000000
  0 -1.590588 -2.057152 2.968709 -0.670209 -0.192132 -0.716872 0.324694 0.687491 1 0 1.000000
  0 -1.532233 -2.745457 3.140786 -0.553705 -0.616817 -0.559417 0.373933 0.700119 1 0 1.000000
doll01
  0 -0.953281 -2.100170 2.538515 -0.279015 -0.311092 -0.908500 0.349345 0.650402 1 0 1.000000
  0 -1.532233 -2.745457 3.140786 -0.553705 -0.616817 -0.559417 0.373933 0.700119 1 0 1.000000
  0 -1.590588 -2.057152 2.968709 -0.670209 -0.192132 -0.716872 0.324694 0.687491 1 0 1.000000
doll01
  0 -1.714375 0.816738 4.182654 -0.612005 0.626828 -0.482220 0.146541 0.800992 1 0 1.000000
  0 -1.590588 -0.043650 3.442175 -0.499431 0.441306 -0.745531 0.173110 0.736545 1 0 1.000000
  0 -1.610039 -0.909970 2.911349 -0.620186 0.202640 -0.757830 0.225256 0.692949 1 0 1.000000
doll01
  0 0.000000 0.874097 3.384816 0.000000 0.708709 -0.705501 0.034162 0.749351 1 0 1.000000
  0 0.000000 0.013709 2.868583 0.000000 0.501734 -0.865022 0.033849 0.685410 1 0 1.000000
  0 -1.590588 -0.043650 3.442175 -0.499431 0.441306 -0.745531 0.173110 0.736545 1 0 1.000000
doll01
  0 0.000000 0.874097 3.384816 0.000000 0.708709 -0.705501 0.034162 0.749351 1 0 1.000000
  0 -1.590588 -0.043650 3.442175 -0.499431 0.441306 -0.745531 0.173110 0.736545 1 0 1.000000
  0 -1.714375 0.816738 4.182654 -0.612005 0.626828 -0.482220 0.146541 0.800992 1 0 1.000000
doll01
  0 -1.714375 0.816738 4.182654 -0.612005 0.626828 -0.482220 0.146541 0.800992 1 0 1.000000
  0 0.000000 1.390329 4.125295 0.000000 0.914396 -0.404820 0.034386 0.805814 1 0 1.000000
  0 0.000000 0.874097 3.384816 0.000000 0.708709 -0.705501 0.034162 0.749351 1 0 1.000000
doll01
  0 0.000000 1.390329 4.125295 0.000000 0.914396 -0.404820 0.034386 0.805814 1 0 1.000000
  0 -1.714375 0.816738 4.182654 -0.612005 0.626828 -0.482220 0.146541 0.800992 1 0 1.000000
  0 -1.807775 1.097600 5.397851 -0.827418 0.557757 0.065473 0.152225 0.872038 1 0 1.000000
doll01
  0 0.000000 1.390329 4.125295 0.000000 0.914396 -0.404820 0.034386 0.805814 1 0 1.000000
  0 -1.807775 1.097600 5.397851 -0.827418 0.557757 0.065473 0.152225 0.872038 1 0 1.000000
  0 0.000000 1.671192 5.512085 0.000000 0.999786 0.020689 0.034796 0.891134 1 0 1.000000
doll01
  0 -1.167870 1.097600 6.650203 -0.471701 0.727939 0.497597 0.135406 0.947468 1 0 1.000000
  0 0.000000 1.671192 5.512085 0.000000 0.999786 0.020689 0.034796 0.891134 1 0 1.000000
  0 -1.807775 1.097600 5.397851 -0.827418 0.557757 0.065473 0.152225 0.872038 1 0 1.000000
doll01
  0 -1.807775 1.097600 5.397851 -0.827418 0.557757 0.065473 0.152225 0.872038 1 0 1.000000
  0 -1.884774 0.210271 6.600851 -0.854169 0.318149 0.411310 0.220813 0.932088 1 0 1.000000
  0 -1.167870 1.097600 6.650203 -0.471701 0.727939 0.497597 0.135406 0.947468 1 0 1.000000
doll01
  0 -1.237278 0.233084 7.420708 -0.507844 0.350851 0.786764 0.219200 0.986225 1 0 1.000000
  0 -1.167870 1.097600 6.650203 -0.471701 0.727939 0.497597 0.135406 0.947468 1 0 1.000000
  0 -1.884774 0.210271 6.600851 -0.854169 0.318149 0.411310 0.220813 0.932088 1 0 1.000000
doll01
  0 -1.237278 0.233084 7.420708 -0.507844 0.350851 0.786764 0.219200 0.986225 1 0 1.000000
  0 -1.884774 0.210271 6.600851 -0.854169 0.318149 0.411310 0.220813 0.932088 1 0 1.000000
  0 -1.936492 -1.017738 6.567028 -0.939015 -0.094936 0.330511 0.308463 0.915101 1 0 1.000000
doll01
  0 -1.237278 0.233084 7.420708 -0.507844 0.350851 0.786764 0.219200 0.986225 1 0 1.000000
  0 -1.936492 -1.017738 6.567028 -0.939015 -0.094936 0.330511 0.308463 0.915101 1 0 1.000000
  0 -1.266741 -1.098563 7.447543 -0.526076 -0.200354 0.826500 0.354658 0.967174 1 0 1.000000
doll01
  0 -1.201671 -2.262344 6.867767 -0.396393 -0.738701 0.545155 0.411969 0.907918 1 0 1.000000
  0 -1.266741 -1.098563 7.447543 -0.526076 -0.200354 0.826500 0.354658 0.967174 1 0 1.000000
  0 -1.936492 -1.017738 6.567028 -0.939015 -0.094936 0.330511 0.308463 0.915101 1 0 1.000000
doll01
  0 -1.201671 -2.262344 6.867767 -0.396393 -0.738701 0.545155 0.411969 0.907918 1 0 1.000000
  0 0.000000 -1.125505 7.741048 0.000000 -0.240791 0.970577 0.494457 0.989363 1 0 1.000000
  0 -1.266741 -1.098563 7.447543 -0.526076 -0.200354 0.826500 0.354658 0.967174 1 0 1.000000
doll01
  0 -1.201671 -2.262344 6.867767 -0.396393 -0.738701 0.545155 0.411969 0.907918 1 0 1.000000
  0 0.000000 -2.317151 7.006042 0.000000 -0.782515 0.622632 0.496056 0.922844 1 0 1.000000
  0 0.000000 -1.125505 7.741048 0.000000 -0.240791 0.970577 0.494457 0.989363 1 0 1.000000
doll01
  0 1.201671 -2.262344 6.867767 0.396393 -0.738701 0.545155 0.580698 0.908811 1 0 1.000000
  0 0.000000 -1.125505 7.741048 0.000000 -0.240791 0.970577 0.494457 0.989363 1 0 1.000000
  0 0.000000 -2.317151 7.006042 0.000000 -0.782515 0.622632 0.496056 0.922844 1 0 1.000000
doll01
  0 1.201671 -2.262344 6.867767 0.396393 -0.738701 0.545155 0.580698 0.908811 1 0 1.000000
  0 0.000000 -2.317151 7.006042 0.000000 -0.782515 0.622632 0.496056 0.922844 1 0 1.000000
  0 0.000000 -2.707780 5.589416 -0.002298 -0.998394 0.056603 0.496547 0.829875 1 0 1.000000
doll01
  0 1.201671 -2.262344 6.867767 0.396393 -0.738701 0.545155 0.580698 0.908811 1 0 1.000000
  0 0.000000 -2.707780 5.589416 -0.002298 -0.998394 0.056603 0.496547 0.829875 1 0 1.000000
  0 0.987482 -2.623261 5.818439 0.229980 -0.969278 0.087226 0.565760 0.845897 1 0 1.000000
doll01
  0 0.987482 -2.623261 5.818439 0.229980 -0.969278 0.087226 0.565760 0.845897 1 0 1.000000
  0 0.000000 -2.707780 5.589416 -0.002298 -0.998394 0.056603 0.496547 0.829875 1 0 1.000000
  0 0.903786 -2.584335 5.088990 0.232220 -0.968343 -0.091568 0.555794 0.809403 1 0 1.000000
doll01
  0 0.903786 -2.584335 5.088990 0.232220 -0.968343 -0.091568 0.555794 0.809403 1 0 1.000000
  0 0.000000 -2.707780 5.589416 -0.002298 -0.998394 0.056603 0.496547 0.829875 1 0 1.000000
  0 -0.001445 -2.783710 4.698003 -0.011841 -0.968979 0.246858 0.497305 0.770289 1 0 1.000000
doll01
  0 0.903786 -2.584335 5.088990 0.232220 -0.968343 -0.091568 0.555794 0.809403 1 0 1.000000
  0 -0.001445 -2.783710 4.698003 -0.011841 -0.968979 0.246858 0.497305 0.770289 1 0 1.000000
  0 1.243765 -2.369529 4.756346 0.227139 -0.955819 0.186597 0.587346 0.785205 1 0 1.000000
doll01
  0 1.243765 -2.369529 4.756346 0.227139 -0.955819 0.186597 0.587346 0.785205 1 0 1.000000
  0 1.437847 -2.451398 5.540158 0.468019 -0.883411 -0.023307 0.599751 0.830792 1 0 1.000000
  0 0.903786 -2.584335 5.088990 0.232220 -0.968343 -0.091568 0.555794 0.809403 1 0 1.000000
doll01
  0 -1.167870 1.097600 6.650203 -0.471701 0.727939 0.497597 0.135406 0.947468 1 0 1.000000
  0 0.000000 1.154959 6.764437 0.000000 0.860757 0.509015 0.035660 0.968854 1 0 1.000000
  0 0.000000 1.671192 5.512085 0.000000 0.999786 0.020689 0.034796 0.891134 1 0 1.000000
doll01
  0 1.585286 -1.050391 -8.497573 0.697705 0.305289 -0.648079 0.736188 0.340147 1 0 1.000000
  0 0.893458 -2.884800 -7.954245 -0.775161 -0.557604 -0.296991 0.755185 0.347118 1 0 1.000000
  0 0.916839 -1.074198 -8.489413 -0.735697 0.372361 -0.565771 0.736439 0.346883 1 0 1.000000
doll01
  0 1.585286 -1.050391 -8.497573 0.697705 0.305289 -0.648079 0.736188 0.340147 1 0 1.000000
  0 1.625060 -2.855318 -8.024703 0.713916 -0.508744 -0.481148 0.754604 0.339747 1 0 1.000000
  0 0.893458 -2.884800 -7.954245 -0.775161 -0.557604 -0.296991 0.755185 0.347118 1 0 1.000000
doll01
  0 0.889000 0.616911 -4.026657 0.415538 0.195765 -0.888259 0.491074 0.281654 1 0 1.000000
  0 -0.834506 0.616911 -4.026657 -0.408916 0.185197 -0.893583 0.586953 0.281088 1 0 1.000000
  0 -0.933934 1.393232 -3.597497 -0.383619 0.699804 -0.602587 0.590796 0.317460 1 0 1.000000
doll01
  0 -0.834506 0.616911 -4.026657 -0.408916 0.185197 -0.893583 0.586953 0.281088 1 0 1.000000
  0 0.889000 0.616911 -4.026657 0.415538 0.195765 -0.888259 0.491074 0.281654 1 0 1.000000
  0 0.806249 -0.958340 -3.970033 0.408726 -0.413558 -0.813580 0.492275 0.227182 1 0 1.000000
doll01
  0 -0.834506 0.616911 -4.026657 -0.408916 0.185197 -0.893583 0.586953 0.281088 1 0 1.000000
  0 0.806249 -0.958340 -3.970033 0.408726 -0.413558 -0.813580 0.492275 0.227182 1 0 1.000000
  0 -0.737038 -0.985852 -4.026728 -0.394357 -0.419445 -0.817648 0.587622 0.224673 1 0 1.000000
doll01
  0 -1.068528 1.759441 -2.416832 -0.356455 0.933956 0.025819 0.585155 0.368619 1 0 1.000000
  0 1.005537 1.395523 -3.542633 0.390622 0.701063 -0.596595 0.495490 0.320679 1 0 1.000000
  0 -0.933934 1.393232 -3.597497 -0.383619 0.699804 -0.602587 0.590796 0.317460 1 0 1.000000
doll01
  0 0.889000 0.616911 -4.026657 0.415538 0.195765 -0.888259 0.491074 0.281654 1 0 1.000000
  0 -0.933934 1.393232 -3.597497 -0.383619 0.699804 -0.602587 0.590796 0.317460 1 0 1.000000
  0 1.005537 1.395523 -3.542633 0.390622 0.701063 -0.596595 0.495490 0.320679 1 0 1.000000
doll01
  0 0.889000 0.616911 -4.026657 0.415538 0.195765 -0.888259 0.491074 0.281654 1 0 1.000000
  0 1.005537 1.395523 -3.542633 0.390622 0.701063 -0.596595 0.495490 0.320679 1 0 1.000000
  0 2.380852 0.616911 -2.394922 0.860228 0.477448 -0.179028 0.444417 0.376567 1 0 1.000000
doll01
  0 2.380852 0.616911 -2.394922 0.860228 0.477448 -0.179028 0.444417 0.376567 1 0 1.000000
  0 0.806249 -0.958340 -3.970033 0.408726 -0.413558 -0.813580 0.349450 0.312948 1 0 1.000000
  0 0.889000 0.616911 -4.026657 0.415538 0.195765 -0.888259 0.491074 0.281654 1 0 1.000000
doll01
  0 1.156616 1.753442 -2.358848 0.363862 0.930972 0.029928 0.501308 0.372132 1 0 1.000000
  0 2.380852 0.616911 -2.394922 0.860228 0.477448 -0.179028 0.444417 0.376567 1 0 1.000000
  0 1.005537 1.395523 -3.542633 0.390622 0.701063 -0.596595 0.495490 0.320679 1 0 1.000000
doll01
  0 1.156616 1.753442 -2.358848 0.363862 0.930972 0.029928 0.501308 0.372132 1 0 1.000000
  0 0.879933 1.427548 -1.351104 0.294248 0.897401 0.328770 0.507004 0.418864 1 0 1.000000
  0 2.380852 0.616911 -2.394922 0.860228 0.477448 -0.179028 0.444417 0.376567 1 0 1.000000
doll01
  0 -1.068528 1.759441 -2.416832 -0.356455 0.933956 0.025819 0.585155 0.368619 1 0 1.000000
  0 1.156616 1.753442 -2.358848 0.363862 0.930972 0.029928 0.501308 0.372132 1 0 1.000000
  0 1.005537 1.395523 -3.542633 0.390622 0.701063 -0.596595 0.495490 0.320679 1 0 1.000000
doll01
  0 -1.068528 1.759441 -2.416832 -0.356455 0.933956 0.025819 0.585155 0.368619 1 0 1.000000
  0 0.879933 1.427548 -1.351104 0.294248 0.897401 0.328770 0.507004 0.418864 1 0 1.000000
  0 1.156616 1.753442 -2.358848 0.363862 0.930972 0.029928 0.501308 0.372132 1 0 1.000000
doll01
  0 -1.068528 1.759441 -2.416832 -0.356455 0.933956 0.025819 0.585155 0.368619 1 0 1.000000
  0 -0.805117 1.430140 -1.369318 -0.291795 0.900525 0.322352 0.580397 0.417367 1 0 1.000000
  0 0.879933 1.427548 -1.351104 0.294248 0.897401 0.328770 0.507004 0.418864 1 0 1.000000
doll01
  0 -0.662714 1.099225 -0.462609 -0.273644 0.960513 0.050340 0.579565 0.459752 1 0 1.000000
  0 0.879933 1.427548 -1.351104 0.294248 0.897401 0.328770 0.507004 0.418864 1 0 1.000000
  0 -0.805117 1.430140 -1.369318 -0.291795 0.900525 0.322352 0.580397 0.417367 1 0 1.000000
doll01
  0 -0.662714 1.099225 -0.462609 -0.273644 0.960513 0.050340 0.579565 0.459752 1 0 1.000000
  0 0.719304 1.099225 -0.462609 0.274022 0.960361 0.051170 0.509348 0.460299 1 0 1.000000
  0 0.879933 1.427548 -1.351104 0.294248 0.897401 0.328770 0.507004 0.418864 1 0 1.000000
doll01
  0 2.380852 0.616911 -2.394922 0.860228 0.477448 -0.179028 0.444417 0.376567 1 0 1.000000
  0 0.879933 1.427548 -1.351104 0.294248 0.897401 0.328770 0.507004 0.418864 1 0 1.000000
  0 0.719304 1.099225 -0.462609 0.274022 0.960361 0.051170 0.509348 0.460299 1 0 1.000000
doll01
  0 2.380852 0.616911 -2.394922 0.860228 0.477448 -0.179028 0.444417 0.376567 1 0 1.000000
  0 0.719304 1.099225 -0.462609 0.274022 0.960361 0.051170 0.509348 0.460299 1 0 1.000000
  0 1.915568 0.462945 0.124621 0.884830 0.465746 -0.012483 0.454573 0.490255 1 0 1.000000
doll01
  0 -2.061969 -0.985852 1.134168 -0.908939 -0.413428 0.053918 0.187892 0.541107 1 0 1.000000
  0 -1.858978 0.462945 0.124621 -0.882983 0.469272 -0.011170 0.137204 0.488762 1 0 1.000000
  0 -1.858978 -0.911446 0.124621 -0.896616 -0.437855 -0.066050 0.191047 0.495498 1 0 1.000000
doll01
  0 -1.222065 -1.746961 0.856723 -0.301785 -0.926707 0.223920 0.232097 0.532713 1 0 1.000000
  0 -2.061969 -0.985852 1.134168 -0.908939 -0.413428 0.053918 0.187892 0.541107 1 0 1.000000
  0 -1.858978 -0.911446 0.124621 -0.896616 -0.437855 -0.066050 0.191047 0.495498 1 0 1.000000
doll01
  0 -1.222065 -1.746961 0.856723 -0.301785 -0.926707 0.223920 0.232097 0.532713 1 0 1.000000
  0 -1.858978 -0.911446 0.124621 -0.896616 -0.437855 -0.066050 0.191047 0.495498 1 0 1.000000
  0 -0.898492 -1.598642 0.124621 -0.341559 -0.939339 -0.031286 0.241590 0.499245 1 0 1.000000
doll01
  0 -0.731589 -2.094725 -1.650851 -0.333683 -0.940920 0.057667 0.264524 0.422031 1 0 1.000000
  0 -0.898492 -1.598642 0.124621 -0.341559 -0.939339 -0.031286 0.241590 0.499245 1 0 1.000000
  0 -1.858978 -0.911446 0.124621 -0.896616 -0.437855 -0.066050 0.191047 0.495498 1 0 1.000000
doll01
  0 0.657316 -2.115809 -1.665201 0.343255 -0.937847 0.051166 0.320842 0.422040 1 0 1.000000
  0 -0.898492 -1.598642 0.124621 -0.341559 -0.939339 -0.031286 0.241590 0.499245 1 0 1.000000
  0 -0.731589 -2.094725 -1.650851 -0.333683 -0.940920 0.057667 0.264524 0.422031 1 0 1.000000
doll01
  0 0.657316 -2.115809 -1.665201 0.343255 -0.937847 0.051166 0.320842 0.422040 1 0 1.000000
  0 -0.731589 -2.094725 -1.650851 -0.333683 -0.940920 0.057667 0.264524 0.422031 1 0 1.000000
  0 -0.664378 -2.001277 -2.906677 -0.341493 -0.861971 -0.374685 0.268006 0.365218 1 0 1.000000
doll01
  0 0.657316 -2.115809 -1.665201 0.343255 -0.937847 0.051166 0.320842 0.422040 1 0 1.000000
  0 -0.664378 -2.001277 -2.906677 -0.341493 -0.861971 -0.374685 0.268006 0.365218 1 0 1.000000
  0 0.656960 -1.999037 -2.880761 0.357719 -0.858189 -0.368170 0.321034 0.366894 1 0 1.000000
doll01
  0 -0.664378 -2.001277 -2.906677 -0.341493 -0.861971 -0.374685 0.268006 0.365218 1 0 1.000000
  0 0.806249 -0.958340 -3.970033 0.408726 -0.413558 -0.813580 0.349450 0.312948 1 0 1.000000
  0 0.656960 -1.999037 -2.880761 0.357719 -0.858189 -0.368170 0.321034 0.366894 1 0 1.000000
doll01
  0 0.806249 -0.958340 -3.970033 0.408726 -0.413558 -0.813580 0.349450 0.312948 1 0 1.000000
  0 2.118559 -0.819256 -2.449943 0.820859 -0.521734 -0.232345 0.395118 0.381032 1 0 1.000000
  0 0.656960 -1.999037 -2.880761 0.357719 -0.858189 -0.368170 0.321034 0.366894 1 0 1.000000
doll01
  0 2.380852 0.616911 -2.394922 0.860228 0.477448 -0.179028 0.444417 0.376567 1 0 1.000000
  0 2.118559 -0.819256 -2.449943 0.820859 -0.521734 -0.232345 0.395118 0.381032 1 0 1.000000
  0 0.806249 -0.958340 -3.970033 0.408726 -0.413558 -0.813580 0.349450 0.312948 1 0 1.000000
doll01
  0 2.380852 0.616911 -2.394922 0.860228 0.477448 -0.179028 0.444417 0.376567 1 0 1.000000
  0 1.915568 -0.911446 0.124621 0.893579 -0.441070 -0.083503 0.399623 0.496991 1 0 1.000000
  0 2.118559 -0.819256 -2.449943 0.820859 -0.521734 -0.232345 0.395118 0.381032 1 0 1.000000
doll01
  0 2.380852 0.616911 -2.394922 0.860228 0.477448 -0.179028 0.444417 0.376567 1 0 1.000000
  0 1.915568 0.462945 0.124621 0.884830 0.465746 -0.012483 0.454573 0.490255 1 0 1.000000
  0 1.915568 -0.911446 0.124621 0.893579 -0.441070 -0.083503 0.399623 0.496991 1 0 1.000000
doll01
  0 2.118559 0.536367 1.134168 0.800019 0.598749 0.038319 0.457366 0.535300 1 0 1.000000
  0 1.915568 -0.911446 0.124621 0.893579 -0.441070 -0.083503 0.399623 0.496991 1 0 1.000000
  0 1.915568 0.462945 0.124621 0.884830 0.465746 -0.012483 0.454573 0.490255 1 0 1.000000
doll01
  0 2.118559 0.536367 1.134168 0.800019 0.598749 0.038319 0.457366 0.535300 1 0 1.000000
  0 1.915568 0.462945 0.124621 0.884830 0.465746 -0.012483 0.454573 0.490255 1 0 1.000000
  0 0.719304 1.099225 -0.462609 0.274022 0.960361 0.051170 0.509348 0.460299 1 0 1.000000
doll01
  0 2.118559 0.536367 1.134168 0.800019 0.598749 0.038319 0.457366 0.535300 1 0 1.000000
  0 0.719304 1.099225 -0.462609 0.274022 0.960361 0.051170 0.509348 0.460299 1 0 1.000000
  0 0.793628 1.297476 0.601372 0.262079 0.964320 -0.037423 0.512356 0.507125 1 0 1.000000
doll01
  0 0.793628 1.297476 0.601372 0.262079 0.964320 -0.037423 0.512356 0.507125 1 0 1.000000
  0 0.793628 1.106405 2.230140 0.274531 0.904008 0.327724 0.512695 0.581187 1 0 1.000000
  0 2.118559 0.536367 1.134168 0.800019 0.598749 0.038319 0.457366 0.535300 1 0 1.000000
doll01
  0 2.118559 0.536367 1.134168 0.800019 0.598749 0.038319 0.457366 0.535300 1 0 1.000000
  0 0.793628 1.106405 2.230140 0.274531 0.904008 0.327724 0.512695 0.581187 1 0 1.000000
  0 1.703081 0.536367 2.473980 0.652637 0.449101 0.610224 0.470061 0.595288 1 0 1.000000
doll01
  0 0.793628 0.446345 2.854466 0.717776 0.395424 0.573095 0.499927 0.612452 1 0 1.000000
  0 1.703081 0.536367 2.473980 0.652637 0.449101 0.610224 0.470061 0.595288 1 0 1.000000
  0 0.793628 1.106405 2.230140 0.274531 0.904008 0.327724 0.512695 0.581187 1 0 1.000000
doll01
  0 0.793628 0.446345 2.854466 0.717776 0.395424 0.573095 0.499927 0.612452 1 0 1.000000
  0 0.793628 1.106405 2.230140 0.274531 0.904008 0.327724 0.512695 0.581187 1 0 1.000000
  0 0.476999 0.762975 2.854466 0.278748 0.870831 0.404912 0.522670 0.610775 1 0 1.000000
doll01
  0 1.278655 -1.746961 0.856723 0.295254 -0.929250 0.222080 0.357173 0.533702 1 0 1.000000
  0 0.955082 -1.562048 0.131381 0.346506 -0.936896 -0.046464 0.348883 0.500103 1 0 1.000000
  0 1.915568 -0.911446 0.124621 0.893579 -0.441070 -0.083503 0.399623 0.496991 1 0 1.000000
doll01
  0 2.118559 -0.819256 -2.449943 0.820859 -0.521734 -0.232345 0.395118 0.381032 1 0 1.000000
  0 1.915568 -0.911446 0.124621 0.893579 -0.441070 -0.083503 0.399623 0.496991 1 0 1.000000
  0 0.955082 -1.562048 0.131381 0.346506 -0.936896 -0.046464 0.348883 0.500103 1 0 1.000000
doll01
  0 0.793628 0.446345 2.854466 0.717776 0.395424 0.573095 0.499927 0.612452 1 0 1.000000
  0 1.747009 -0.582935 2.428260 0.607327 -0.465770 0.643593 0.424043 0.598738 1 0 1.000000
  0 1.703081 0.536367 2.473980 0.652637 0.449101 0.610224 0.470061 0.595288 1 0 1.000000
doll01
  0 0.793628 0.446345 2.854466 0.717776 0.395424 0.573095 0.499927 0.612452 1 0 1.000000
  0 0.793628 -0.442615 2.854466 0.486657 -0.733845 0.473958 0.337649 0.616809 1 0 1.000000
  0 1.747009 -0.582935 2.428260 0.607327 -0.465770 0.643593 0.424043 0.598738 1 0 1.000000
doll01
  0 0.793628 -0.442615 2.854466 0.486657 -0.733845 0.473958 0.337649 0.616809 1 0 1.000000
  0 1.278655 -1.746961 0.856723 0.295254 -0.929250 0.222080 0.357173 0.533702 1 0 1.000000
  0 1.747009 -0.582935 2.428260 0.607327 -0.465770 0.643593 0.424043 0.598738 1 0 1.000000
doll01
  0 2.118559 -0.985852 1.134168 0.903309 -0.425796 0.052251 0.402742 0.542761 1 0 1.000000
  0 1.747009 -0.582935 2.428260 0.607327 -0.465770 0.643593 0.424043 0.598738 1 0 1.000000
  0 1.278655 -1.746961 0.856723 0.295254 -0.929250 0.222080 0.357173 0.533702 1 0 1.000000
doll01
  0 1.278655 -1.746961 0.856723 0.295254 -0.929250 0.222080 0.357173 0.533702 1 0 1.000000
  0 1.915568 -0.911446 0.124621 0.893579 -0.441070 -0.083503 0.399623 0.496991 1 0 1.000000
  0 2.118559 -0.985852 1.134168 0.903309 -0.425796 0.052251 0.402742 0.542761 1 0 1.000000
doll01
  0 2.118559 0.536367 1.134168 0.800019 0.598749 0.038319 0.457366 0.535300 1 0 1.000000
  0 2.118559 -0.985852 1.134168 0.903309 -0.425796 0.052251 0.402742 0.542761 1 0 1.000000
  0 1.915568 -0.911446 0.124621 0.893579 -0.441070 -0.083503 0.399623 0.496991 1 0 1.000000
doll01
  0 2.118559 -0.985852 1.134168 0.903309 -0.425796 0.052251 0.402742 0.542761 1 0 1.000000
  0 2.118559 0.536367 1.134168 0.800019 0.598749 0.038319 0.457366 0.535300 1 0 1.000000
  0 1.703081 0.536367 2.473980 0.652637 0.449101 0.610224 0.470061 0.595288 1 0 1.000000
doll01
  0 2.118559 -0.985852 1.134168 0.903309 -0.425796 0.052251 0.402742 0.542761 1 0 1.000000
  0 1.703081 0.536367 2.473980 0.652637 0.449101 0.610224 0.470061 0.595288 1 0 1.000000
  0 1.747009 -0.582935 2.428260 0.607327 -0.465770 0.643593 0.424043 0.598738 1 0 1.000000
doll01
  0 0.656960 -1.999037 -2.880761 0.357719 -0.858189 -0.368170 0.321034 0.366894 1 0 1.000000
  0 2.118559 -0.819256 -2.449943 0.820859 -0.521734 -0.232345 0.395118 0.381032 1 0 1.000000
  0 0.657316 -2.115809 -1.665201 0.343255 -0.937847 0.051166 0.320842 0.422040 1 0 1.000000
doll01
  0 2.118559 -0.819256 -2.449943 0.820859 -0.521734 -0.232345 0.395118 0.381032 1 0 1.000000
  0 0.955082 -1.562048 0.131381 0.346506 -0.936896 -0.046464 0.348883 0.500103 1 0 1.000000
  0 0.657316 -2.115809 -1.665201 0.343255 -0.937847 0.051166 0.320842 0.422040 1 0 1.000000
doll01
  0 0.657316 -2.115809 -1.665201 0.343255 -0.937847 0.051166 0.320842 0.422040 1 0 1.000000
  0 0.955082 -1.562048 0.131381 0.346506 -0.936896 -0.046464 0.348883 0.500103 1 0 1.000000
  0 -0.898492 -1.598642 0.124621 -0.341559 -0.939339 -0.031286 0.241590 0.499245 1 0 1.000000
doll01
  0 1.278655 -1.746961 0.856723 0.295254 -0.929250 0.222080 0.357173 0.533702 1 0 1.000000
  0 -0.898492 -1.598642 0.124621 -0.341559 -0.939339 -0.031286 0.241590 0.499245 1 0 1.000000
  0 0.955082 -1.562048 0.131381 0.346506 -0.936896 -0.046464 0.348883 0.500103 1 0 1.000000
doll01
  0 1.278655 -1.746961 0.856723 0.295254 -0.929250 0.222080 0.357173 0.533702 1 0 1.000000
  0 -1.222065 -1.746961 0.856723 -0.301785 -0.926707 0.223920 0.232097 0.532713 1 0 1.000000
  0 -0.898492 -1.598642 0.124621 -0.341559 -0.939339 -0.031286 0.241590 0.499245 1 0 1.000000
doll01
  0 -1.222065 -1.746961 0.856723 -0.301785 -0.926707 0.223920 0.232097 0.532713 1 0 1.000000
  0 1.278655 -1.746961 0.856723 0.295254 -0.929250 0.222080 0.357173 0.533702 1 0 1.000000
  0 0.793628 -0.442615 2.854466 0.486657 -0.733845 0.473958 0.337649 0.616809 1 0 1.000000
doll01
  0 -1.222065 -1.746961 0.856723 -0.301785 -0.926707 0.223920 0.232097 0.532713 1 0 1.000000
  0 0.793628 -0.442615 2.854466 0.486657 -0.733845 0.473958 0.337649 0.616809 1 0 1.000000
  0 -0.737038 -0.442615 2.854466 -0.486256 -0.736082 0.470891 0.255907 0.616203 1 0 1.000000
doll01
  0 -0.737038 -0.442615 2.854466 -0.486256 -0.736082 0.470891 0.255907 0.616203 1 0 1.000000
  0 -1.761047 -0.582935 2.358558 -0.611583 -0.464191 0.640697 0.167761 0.594221 1 0 1.000000
  0 -1.222065 -1.746961 0.856723 -0.301785 -0.926707 0.223920 0.232097 0.532713 1 0 1.000000
doll01
  0 -0.737038 -0.442615 2.854466 -0.486256 -0.736082 0.470891 0.255907 0.616203 1 0 1.000000
  0 -1.546295 0.536367 2.582072 -0.643847 0.444218 0.623002 0.120286 0.598855 1 0 1.000000
  0 -1.761047 -0.582935 2.358558 -0.611583 -0.464191 0.640697 0.167761 0.594221 1 0 1.000000
doll01
  0 -2.061969 0.536367 1.134168 -0.798016 0.600969 0.044791 0.134646 0.533646 1 0 1.000000
  0 -1.761047 -0.582935 2.358558 -0.611583 -0.464191 0.640697 0.167761 0.594221 1 0 1.000000
  0 -1.546295 0.536367 2.582072 -0.643847 0.444218 0.623002 0.120286 0.598855 1 0 1.000000
doll01
  0 -2.061969 0.536367 1.134168 -0.798016 0.600969 0.044791 0.134646 0.533646 1 0 1.000000
  0 -1.546295 0.536367 2.582072 -0.643847 0.444218 0.623002 0.120286 0.598855 1 0 1.000000
  0 -0.737038 1.104286 2.236412 -0.271069 0.901939 0.336196 0.081354 0.580873 1 0 1.000000
doll01
  0 -0.737038 1.297476 0.601372 -0.262230 0.964287 -0.037225 0.080568 0.506520 1 0 1.000000
  0 -2.061969 0.536367 1.134168 -0.798016 0.600969 0.044791 0.134646 0.533646 1 0 1.000000
  0 -0.737038 1.104286 2.236412 -0.271069 0.901939 0.336196 0.081354 0.580873 1 0 1.000000
doll01
  0 0.793628 1.297476 0.601372 0.262079 0.964320 -0.037423 0.015884 0.507125 1 0 1.000000
  0 -0.737038 1.297476 0.601372 -0.262230 0.964287 -0.037225 0.080568 0.506520 1 0 1.000000
  0 -0.737038 1.104286 2.236412 -0.271069 0.901939 0.336196 0.081354 0.580873 1 0 1.000000
doll01
  0 -0.737038 1.297476 0.601372 -0.262230 0.964287 -0.037225 0.080568 0.506520 1 0 1.000000
  0 0.793628 1.297476 0.601372 0.262079 0.964320 -0.037423 0.015884 0.507125 1 0 1.000000
  0 0.719304 1.099225 -0.462609 0.274022 0.960361 0.051170 0.012876 0.460299 1 0 1.000000
doll01
  0 -0.737038 1.297476 0.601372 -0.262230 0.964287 -0.037225 0.080568 0.506520 1 0 1.000000
  0 0.719304 1.099225 -0.462609 0.274022 0.960361 0.051170 0.012876 0.460299 1 0 1.000000
  0 -0.662714 1.099225 -0.462609 -0.273644 0.960513 0.050340 0.083092 0.459752 1 0 1.000000
doll01
  0 -2.061969 0.536367 1.134168 -0.798016 0.600969 0.044791 0.134646 0.533646 1 0 1.000000
  0 -0.737038 1.297476 0.601372 -0.262230 0.964287 -0.037225 0.080568 0.506520 1 0 1.000000
  0 -0.662714 1.099225 -0.462609 -0.273644 0.960513 0.050340 0.083092 0.459752 1 0 1.000000
doll01
  0 -2.061969 0.536367 1.134168 -0.798016 0.600969 0.044791 0.134646 0.533646 1 0 1.000000
  0 -0.662714 1.099225 -0.462609 -0.273644 0.960513 0.050340 0.083092 0.459752 1 0 1.000000
  0 -1.858978 0.462945 0.124621 -0.882983 0.469272 -0.011170 0.137204 0.488762 1 0 1.000000
doll01
  0 -2.061969 -0.985852 1.134168 -0.908939 -0.413428 0.053918 0.187892 0.541107 1 0 1.000000
  0 -2.061969 0.536367 1.134168 -0.798016 0.600969 0.044791 0.134646 0.533646 1 0 1.000000
  0 -1.858978 0.462945 0.124621 -0.882983 0.469272 -0.011170 0.137204 0.488762 1 0 1.000000
doll01
  0 -2.061969 0.536367 1.134168 -0.798016 0.600969 0.044791 0.134646 0.533646 1 0 1.000000
  0 -2.061969 -0.985852 1.134168 -0.908939 -0.413428 0.053918 0.187892 0.541107 1 0 1.000000
  0 -1.761047 -0.582935 2.358558 -0.611583 -0.464191 0.640697 0.167761 0.594221 1 0 1.000000
doll01
  0 -2.061969 -0.985852 1.134168 -0.908939 -0.413428 0.053918 0.187892 0.541107 1 0 1.000000
  0 -1.222065 -1.746961 0.856723 -0.301785 -0.926707 0.223920 0.232097 0.532713 1 0 1.000000
  0 -1.761047 -0.582935 2.358558 -0.611583 -0.464191 0.640697 0.167761 0.594221 1 0 1.000000
doll01
  0 0.793628 1.297476 0.601372 0.262079 0.964320 -0.037423 0.015884 0.507125 1 0 1.000000
  0 -0.737038 1.104286 2.236412 -0.271069 0.901939 0.336196 0.081354 0.580873 1 0 1.000000
  0 0.793628 1.106405 2.230140 0.274531 0.904008 0.327724 0.016223 0.581187 1 0 1.000000
doll01
  0 -0.420408 0.762975 2.854466 -0.269656 0.872371 0.407743 0.072768 0.610420 1 0 1.000000
  0 0.793628 1.106405 2.230140 0.274531 0.904008 0.327724 0.016223 0.581187 1 0 1.000000
  0 -0.737038 1.104286 2.236412 -0.271069 0.901939 0.336196 0.081354 0.580873 1 0 1.000000
doll01
  0 -0.420408 0.762975 2.854466 -0.269656 0.872371 0.407743 0.072768 0.610420 1 0 1.000000
  0 -0.737038 1.104286 2.236412 -0.271069 0.901939 0.336196 0.081354 0.580873 1 0 1.000000
  0 -1.546295 0.536367 2.582072 -0.643847 0.444218 0.623002 0.120286 0.598855 1 0 1.000000
doll01
  0 -0.420408 0.762975 2.854466 -0.269656 0.872371 0.407743 0.072768 0.610420 1 0 1.000000
  0 -1.546295 0.536367 2.582072 -0.643847 0.444218 0.623002 0.120286 0.598855 1 0 1.000000
  0 -0.737038 0.446345 2.854466 -0.713151 0.387133 0.584417 0.095403 0.611846 1 0 1.000000
doll01
  0 -0.737038 -0.442615 2.854466 -0.486256 -0.736082 0.470891 0.255907 0.616203 1 0 1.000000
  0 -0.737038 0.446345 2.854466 -0.713151 0.387133 0.584417 0.095403 0.611846 1 0 1.000000
  0 -1.546295 0.536367 2.582072 -0.643847 0.444218 0.623002 0.120286 0.598855 1 0 1.000000
doll01
  0 -0.420408 0.762975 2.854466 -0.269656 0.872371 0.407743 0.072768 0.610420 1 0 1.000000
  0 0.476999 0.762975 2.854466 0.278748 0.870831 0.404912 0.026197 0.610775 1 0 1.000000
  0 0.793628 1.106405 2.230140 0.274531 0.904008 0.327724 0.016223 0.581187 1 0 1.000000
doll01
  0 -0.664378 -2.001277 -2.906677 -0.341493 -0.861971 -0.374685 0.268006 0.365218 1 0 1.000000
  0 -0.737038 -0.985852 -4.026728 -0.394357 -0.419445 -0.817648 0.244959 0.309927 1 0 1.000000
  0 0.806249 -0.958340 -3.970033 0.408726 -0.413558 -0.813580 0.349450 0.312948 1 0 1.000000
doll01
  0 -2.061969 -0.985852 -2.306429 -0.820694 -0.526511 -0.221917 0.201018 0.386637 1 0 1.000000
  0 -0.737038 -0.985852 -4.026728 -0.394357 -0.419445 -0.817648 0.244959 0.309927 1 0 1.000000
  0 -0.664378 -2.001277 -2.906677 -0.341493 -0.861971 -0.374685 0.268006 0.365218 1 0 1.000000
doll01
  0 -0.731589 -2.094725 -1.650851 -0.333683 -0.940920 0.057667 0.264524 0.422031 1 0 1.000000
  0 -2.061969 -0.985852 -2.306429 -0.820694 -0.526511 -0.221917 0.201018 0.386637 1 0 1.000000
  0 -0.664378 -2.001277 -2.906677 -0.341493 -0.861971 -0.374685 0.268006 0.365218 1 0 1.000000
doll01
  0 -0.731589 -2.094725 -1.650851 -0.333683 -0.940920 0.057667 0.264524 0.422031 1 0 1.000000
  0 -1.858978 -0.911446 0.124621 -0.896616 -0.437855 -0.066050 0.191047 0.495498 1 0 1.000000
  0 -2.061969 -0.985852 -2.306429 -0.820694 -0.526511 -0.221917 0.201018 0.386637 1 0 1.000000
doll01
  0 -2.326358 0.616911 -2.394922 -0.861489 0.475560 -0.177988 0.146688 0.374705 1 0 1.000000
  0 -2.061969 -0.985852 -2.306429 -0.820694 -0.526511 -0.221917 0.201018 0.386637 1 0 1.000000
  0 -1.858978 -0.911446 0.124621 -0.896616 -0.437855 -0.066050 0.191047 0.495498 1 0 1.000000
doll01
  0 -2.326358 0.616911 -2.394922 -0.861489 0.475560 -0.177988 0.146688 0.374705 1 0 1.000000
  0 -1.858978 -0.911446 0.124621 -0.896616 -0.437855 -0.066050 0.191047 0.495498 1 0 1.000000
  0 -1.858978 0.462945 0.124621 -0.882983 0.469272 -0.011170 0.137204 0.488762 1 0 1.000000
doll01
  0 -1.858978 0.462945 0.124621 -0.882983 0.469272 -0.011170 0.137204 0.488762 1 0 1.000000
  0 -0.805117 1.430140 -1.369318 -0.291795 0.900525 0.322352 0.083925 0.417367 1 0 1.000000
  0 -2.326358 0.616911 -2.394922 -0.861489 0.475560 -0.177988 0.146688 0.374705 1 0 1.000000
doll01
  0 -1.858978 0.462945 0.124621 -0.882983 0.469272 -0.011170 0.137204 0.488762 1 0 1.000000
  0 -0.662714 1.099225 -0.462609 -0.273644 0.960513 0.050340 0.083092 0.459752 1 0 1.000000
  0 -0.805117 1.430140 -1.369318 -0.291795 0.900525 0.322352 0.083925 0.417367 1 0 1.000000
doll01
  0 -2.061969 -0.985852 -2.306429 -0.820694 -0.526511 -0.221917 0.201018 0.386637 1 0 1.000000
  0 -0.834506 0.616911 -4.026657 -0.408916 0.185197 -0.893583 0.123679 0.302037 1 0 1.000000
  0 -0.737038 -0.985852 -4.026728 -0.394357 -0.419445 -0.817648 0.244959 0.309927 1 0 1.000000
doll01
  0 -2.061969 -0.985852 -2.306429 -0.820694 -0.526511 -0.221917 0.201018 0.386637 1 0 1.000000
  0 -2.326358 0.616911 -2.394922 -0.861489 0.475560 -0.177988 0.146688 0.374705 1 0 1.000000
  0 -0.834506 0.616911 -4.026657 -0.408916 0.185197 -0.893583 0.123679 0.302037 1 0 1.000000
doll01
  0 -0.933934 1.393232 -3.597497 -0.383619 0.699804 -0.602587 0.094324 0.317460 1 0 1.000000
  0 -0.834506 0.616911 -4.026657 -0.408916 0.185197 -0.893583 0.123679 0.302037 1 0 1.000000
  0 -2.326358 0.616911 -2.394922 -0.861489 0.475560 -0.177988 0.146688 0.374705 1 0 1.000000
doll01
  0 -0.933934 1.393232 -3.597497 -0.383619 0.699804 -0.602587 0.094324 0.317460 1 0 1.000000
  0 -2.326358 0.616911 -2.394922 -0.861489 0.475560 -0.177988 0.146688 0.374705 1 0 1.000000
  0 -1.068528 1.759441 -2.416832 -0.356455 0.933956 0.025819 0.088683 0.368619 1 0 1.000000
doll01
  0 -0.805117 1.430140 -1.369318 -0.291795 0.900525 0.322352 0.083925 0.417367 1 0 1.000000
  0 -1.068528 1.759441 -2.416832 -0.356455 0.933956 0.025819 0.088683 0.368619 1 0 1.000000
  0 -2.326358 0.616911 -2.394922 -0.861489 0.475560 -0.177988 0.146688 0.374705 1 0 1.000000
doll01
  0 0.665068 0.318495 3.794224 0.910234 0.375044 0.175544 0.072605 0.147319 1 0 1.000000
  0 0.476999 0.762975 2.854466 0.278748 0.870831 0.404912 0.009548 0.130569 1 0 1.000000
  0 0.348439 0.635124 3.794224 0.375052 0.910307 0.175151 0.067710 0.120105 1 0 1.000000
doll01
  0 0.665068 0.318495 3.794224 0.910234 0.375044 0.175544 0.072605 0.147319 1 0 1.000000
  0 0.793628 0.446345 2.854466 0.717776 0.395424 0.573095 0.014444 0.156035 1 0 1.000000
  0 0.476999 0.762975 2.854466 0.278748 0.870831 0.404912 0.009548 0.130569 1 0 1.000000
doll01
  0 0.665068 0.318495 3.794224 0.910234 0.375044 0.175544 0.072605 0.147319 1 0 1.000000
  0 0.793628 -0.442615 2.854466 0.486657 -0.733845 0.473958 0.028189 0.198597 1 0 1.000000
  0 0.793628 0.446345 2.854466 0.717776 0.395424 0.573095 0.014444 0.156035 1 0 1.000000
doll01
  0 0.665068 0.318495 3.794224 0.910234 0.375044 0.175544 0.072605 0.147319 1 0 1.000000
  0 0.665068 -0.314764 3.794224 0.910234 -0.375044 0.175544 0.082397 0.186347 1 0 1.000000
  0 0.793628 -0.442615 2.854466 0.486657 -0.733845 0.473958 0.028189 0.198597 1 0 1.000000
doll01
  0 0.665068 -0.314764 3.794224 0.910234 -0.375044 0.175544 0.082397 0.186347 1 0 1.000000
  0 0.348439 -0.631394 3.794224 0.382968 -0.923752 -0.004141 0.087292 0.214946 1 0 1.000000
  0 0.793628 -0.442615 2.854466 0.486657 -0.733845 0.473958 0.028189 0.198597 1 0 1.000000
doll01
  0 0.348439 -0.631394 3.794224 0.382968 -0.923752 -0.004141 0.087292 0.214946 1 0 1.000000
  0 -0.737038 -0.442615 2.854466 -0.486256 -0.736082 0.470891 0.028189 0.274790 1 0 1.000000
  0 0.793628 -0.442615 2.854466 0.486657 -0.733845 0.473958 0.028189 0.198597 1 0 1.000000
doll01
  0 0.348439 -0.631394 3.794224 0.382968 -0.923752 -0.004141 0.087292 0.214946 1 0 1.000000
  0 -0.291848 -0.631394 3.794224 -0.382968 -0.923752 -0.004141 0.087292 0.258441 1 0 1.000000
  0 -0.737038 -0.442615 2.854466 -0.486256 -0.736082 0.470891 0.028189 0.274790 1 0 1.000000
doll01
  0 -0.291848 -0.631394 3.794224 -0.382968 -0.923752 -0.004141 0.087292 0.258441 1 0 1.000000
  0 -0.608478 -0.314764 3.794224 -0.910234 -0.375044 0.175544 0.082397 0.287040 1 0 1.000000
  0 -0.737038 -0.442615 2.854466 -0.486256 -0.736082 0.470891 0.028189 0.274790 1 0 1.000000
doll01
  0 -0.608478 -0.314764 3.794224 -0.910234 -0.375044 0.175544 0.082397 0.287040 1 0 1.000000
  0 -0.737038 0.446345 2.854466 -0.713151 0.387133 0.584417 0.014444 0.317352 1 0 1.000000
  0 -0.737038 -0.442615 2.854466 -0.486256 -0.736082 0.470891 0.028189 0.274790 1 0 1.000000
doll01
  0 -0.608478 -0.314764 3.794224 -0.910234 -0.375044 0.175544 0.082397 0.287040 1 0 1.000000
  0 -0.608478 0.318495 3.794224 -0.910234 0.375044 0.175544 0.072605 0.326067 1 0 1.000000
  0 -0.737038 0.446345 2.854466 -0.713151 0.387133 0.584417 0.014444 0.317352 1 0 1.000000
doll01
  0 -0.737038 0.446345 2.854466 -0.713151 0.387133 0.584417 0.014444 0.317352 1 0 1.000000
  0 -0.608478 0.318495 3.794224 -0.910234 0.375044 0.175544 0.072605 0.326067 1 0 1.000000
  0 -0.291848 0.635124 3.794224 -0.375052 0.910307 0.175151 0.067710 0.353282 1 0 1.000000
doll01
  0 -0.737038 0.446345 2.854466 -0.713151 0.387133 0.584417 0.014444 0.317352 1 0 1.000000
  0 -0.291848 0.635124 3.794224 -0.375052 0.910307 0.175151 0.067710 0.353282 1 0 1.000000
  0 -0.420408 0.762975 2.854466 -0.269656 0.872371 0.407743 0.009548 0.342817 1 0 1.000000
doll01
  0 -0.291848 0.635124 3.794224 -0.375052 0.910307 0.175151 0.067710 0.353282 1 0 1.000000
  0 0.476999 0.762975 2.854466 0.278748 0.870831 0.404912 0.009548 0.404178 1 0 1.000000
  0 -0.420408 0.762975 2.854466 -0.269656 0.872371 0.407743 0.009548 0.342817 1 0 1.000000
doll01
  0 -0.291848 0.635124 3.794224 -0.375052 0.910307 0.175151 0.067710 0.353282 1 0 1.000000
  0 0.348439 0.635124 3.794224 0.375052 0.910307 0.175151 0.067710 0.393713 1 0 1.000000
  0 0.476999 0.762975 2.854466 0.278748 0.870831 0.404912 0.009548 0.404178 1 0 1.000000
doll01
  0 0.000000 0.013709 2.868583 0.000000 0.501734 -0.865022 0.586438 0.114407 1 0 1.000000
  0 1.610039 -0.909970 2.911349 0.620186 0.202640 -0.757830 0.534636 0.208576 1 0 1.000000
  0 0.000000 -1.151002 2.440404 0.000000 0.262288 -0.964990 0.514273 0.114407 1 0 1.000000
doll01
  0 0.000000 0.013709 2.868583 0.000000 0.501734 -0.865022 0.586438 0.114407 1 0 1.000000
  0 1.590588 -0.043650 3.442175 0.499431 0.441306 -0.745531 0.591328 0.207438 1 0 1.000000
  0 1.610039 -0.909970 2.911349 0.620186 0.202640 -0.757830 0.534636 0.208576 1 0 1.000000
doll01
  0 0.000000 0.013709 2.868583 0.000000 0.501734 -0.865022 0.586438 0.114407 1 0 1.000000
  0 -1.610039 -0.909970 2.911349 -0.620186 0.202640 -0.757830 0.534636 0.020237 1 0 1.000000
  0 -1.590588 -0.043650 3.442175 -0.499431 0.441306 -0.745531 0.591328 0.021375 1 0 1.000000
doll01
  0 0.000000 0.013709 2.868583 0.000000 0.501734 -0.865022 0.586438 0.114407 1 0 1.000000
  0 0.000000 -1.151002 2.440404 0.000000 0.262288 -0.964990 0.514273 0.114407 1 0 1.000000
  0 -1.610039 -0.909970 2.911349 -0.620186 0.202640 -0.757830 0.534636 0.020237 1 0 1.000000
doll01
  0 0.000000 -1.151002 2.440404 0.000000 0.262288 -0.964990 0.514273 0.114407 1 0 1.000000
  0 -1.590588 -2.057152 2.968709 -0.670209 -0.192132 -0.716872 0.470361 0.021375 1 0 1.000000
  0 -1.610039 -0.909970 2.911349 -0.620186 0.202640 -0.757830 0.534636 0.020237 1 0 1.000000
doll01
  0 0.000000 -1.151002 2.440404 0.000000 0.262288 -0.964990 0.514273 0.114407 1 0 1.000000
  0 -0.953281 -2.100170 2.538515 -0.279015 -0.311092 -0.908500 0.461812 0.058650 1 0 1.000000
  0 -1.590588 -2.057152 2.968709 -0.670209 -0.192132 -0.716872 0.470361 0.021375 1 0 1.000000
doll01
  0 0.000000 -1.151002 2.440404 0.000000 0.262288 -0.964990 0.514273 0.114407 1 0 1.000000
  0 0.000000 -2.114510 2.395117 -0.004424 -0.234215 -0.972175 0.458962 0.114407 1 0 1.000000
  0 -0.953281 -2.100170 2.538515 -0.279015 -0.311092 -0.908500 0.461812 0.058650 1 0 1.000000
doll01
  0 1.610039 -0.909970 2.911349 0.620186 0.202640 -0.757830 0.534636 0.208576 1 0 1.000000
  0 0.000000 -2.114510 2.395117 -0.004424 -0.234215 -0.972175 0.458962 0.114407 1 0 1.000000
  0 0.000000 -1.151002 2.440404 0.000000 0.262288 -0.964990 0.514273 0.114407 1 0 1.000000
doll01
  0 1.610039 -0.909970 2.911349 0.620186 0.202640 -0.757830 0.534636 0.208576 1 0 1.000000
  0 0.953281 -2.100170 2.538515 0.279308 -0.300949 -0.911821 0.461812 0.170163 1 0 1.000000
  0 0.000000 -2.114510 2.395117 -0.004424 -0.234215 -0.972175 0.458962 0.114407 1 0 1.000000
doll01
  0 1.610039 -0.909970 2.911349 0.620186 0.202640 -0.757830 0.534636 0.208576 1 0 1.000000
  0 1.590588 -2.057152 2.968709 0.673342 -0.187419 -0.715181 0.470361 0.207438 1 0 1.000000
  0 0.953281 -2.100170 2.538515 0.279308 -0.300949 -0.911821 0.461812 0.170163 1 0 1.000000
doll01
  0 -1.355019 -3.257921 -6.315581 -0.287344 -0.811659 0.508569 0.461067 0.039706 1 0 1.000000
  0 -0.862698 -3.260663 -6.580866 0.744653 -0.303324 0.594547 0.387272 0.029828 1 0 1.000000
  0 -0.862698 -3.050272 -6.300169 0.736863 -0.577218 0.351928 0.379489 0.045423 1 0 1.000000
doll01
  0 -1.355019 -3.257921 -6.315581 -0.287344 -0.811659 0.508569 0.461067 0.039706 1 0 1.000000
  0 -1.355019 -3.435527 -6.467827 -0.311733 -0.227839 0.922449 0.467580 0.029041 1 0 1.000000
  0 -0.862698 -3.260663 -6.580866 0.744653 -0.303324 0.594547 0.387272 0.029828 1 0 1.000000
doll01
  0 -1.625060 -4.519372 -6.659582 -0.858780 -0.499549 0.113785 0.249743 0.004677 1 0 1.000000
  0 -0.961366 -4.332355 -6.394894 0.386015 -0.223831 0.894926 0.305546 0.016350 1 0 1.000000
  0 -1.516575 -4.241467 -6.496608 -0.447070 -0.180336 0.876132 0.255549 0.018715 1 0 1.000000
doll01
  0 -1.625060 -4.519372 -6.659582 -0.858780 -0.499549 0.113785 0.249743 0.004677 1 0 1.000000
  0 -1.516575 -4.241467 -6.496608 -0.447070 -0.180336 0.876132 0.255549 0.018715 1 0 1.000000
  0 -1.355019 -3.435527 -6.467827 -0.311733 -0.227839 0.922449 0.254170 0.035842 1 0 1.000000
doll01
  0 -1.094911 -4.031026 -6.350061 0.034759 -0.033257 0.998842 0.301955 0.028678 1 0 1.000000
  0 -1.355019 -3.435527 -6.467827 -0.311733 -0.227839 0.922449 0.254170 0.035842 1 0 1.000000
  0 -1.516575 -4.241467 -6.496608 -0.447070 -0.180336 0.876132 0.255549 0.018715 1 0 1.000000
doll01
  0 -0.862698 -3.260663 -6.580866 0.744653 -0.303324 0.594547 0.387272 0.029828 1 0 1.000000
  0 -1.355019 -3.435527 -6.467827 -0.311733 -0.227839 0.922449 0.254170 0.035842 1 0 1.000000
  0 -1.094911 -4.031026 -6.350061 0.034759 -0.033257 0.998842 0.301955 0.028678 1 0 1.000000
doll01
  0 -0.862698 -3.260663 -6.580866 0.744653 -0.303324 0.594547 0.387272 0.029828 1 0 1.000000
  0 -1.094911 -4.031026 -6.350061 0.034759 -0.033257 0.998842 0.301955 0.028678 1 0 1.000000
  0 -0.961366 -4.332355 -6.394894 0.386015 -0.223831 0.894926 0.305546 0.016350 1 0 1.000000
doll01
  0 -0.862698 -3.260663 -6.580866 0.744653 -0.303324 0.594547 0.387272 0.029828 1 0 1.000000
  0 -0.961366 -4.332355 -6.394894 0.386015 -0.223831 0.894926 0.305546 0.016350 1 0 1.000000
  0 -0.758896 -3.111541 -6.953953 0.981867 0.032501 0.186762 0.402221 0.023592 1 0 1.000000
doll01
  0 -0.862698 -3.050272 -6.300169 0.736863 -0.577218 0.351928 0.379489 0.045423 1 0 1.000000
  0 -0.862698 -3.260663 -6.580866 0.744653 -0.303324 0.594547 0.387272 0.029828 1 0 1.000000
  0 -0.758896 -3.111541 -6.953953 0.981867 0.032501 0.186762 0.402221 0.023592 1 0 1.000000
doll01
  0 -0.862698 -3.050272 -6.300169 0.736863 -0.577218 0.351928 0.379489 0.045423 1 0 1.000000
  0 -0.758896 -3.111541 -6.953953 0.981867 0.032501 0.186762 0.402221 0.023592 1 0 1.000000
  0 -0.758896 -2.706196 -6.507636 0.992803 0.060172 -0.103543 0.397079 0.050850 1 0 1.000000
doll01
  0 -0.862698 -3.050272 -6.300169 0.736863 -0.577218 0.351928 0.379489 0.045423 1 0 1.000000
  0 -0.758896 -2.706196 -6.507636 0.992803 0.060172 -0.103543 0.397079 0.050850 1 0 1.000000
  0 -0.572977 -1.873986 -5.410595 0.992664 0.091410 -0.079129 0.374245 0.111405 1 0 1.000000
doll01
  0 -0.862698 -3.050272 -6.300169 0.736863 -0.577218 0.351928 0.379489 0.045423 1 0 1.000000
  0 -0.572977 -1.873986 -5.410595 0.992664 0.091410 -0.079129 0.374245 0.111405 1 0 1.000000
  0 -0.776218 -2.511302 -5.179323 0.728446 -0.642332 0.238278 0.338140 0.096882 1 0 1.000000
doll01
  0 -0.683487 -1.449215 -4.005132 0.998876 0.035251 -0.031689 0.333840 0.168075 1 0 1.000000
  0 -0.776218 -2.511302 -5.179323 0.728446 -0.642332 0.238278 0.338140 0.096882 1 0 1.000000
  0 -0.572977 -1.873986 -5.410595 0.992664 0.091410 -0.079129 0.374245 0.111405 1 0 1.000000
doll01
  0 -0.683487 -1.449215 -4.005132 0.998876 0.035251 -0.031689 0.333840 0.168075 1 0 1.000000
  0 -0.917092 -2.204244 -3.882923 0.710101 -0.582757 0.395159 0.308066 0.146363 1 0 1.000000
  0 -0.776218 -2.511302 -5.179323 0.728446 -0.642332 0.238278 0.338140 0.096882 1 0 1.000000
doll01
  0 -0.917092 -2.204244 -3.882923 0.710101 -0.582757 0.395159 0.308066 0.146363 1 0 1.000000
  0 -1.481346 -2.769732 -5.135931 -0.234720 -0.932612 0.274120 0.276764 0.091981 1 0 1.000000
  0 -0.776218 -2.511302 -5.179323 0.728446 -0.642332 0.238278 0.338140 0.096882 1 0 1.000000
doll01
  0 -0.917092 -2.204244 -3.882923 0.710101 -0.582757 0.395159 0.308066 0.146363 1 0 1.000000
  0 -1.595376 -2.450521 -3.828366 -0.261712 -0.835648 0.482907 0.280978 0.142106 1 0 1.000000
  0 -1.481346 -2.769732 -5.135931 -0.234720 -0.932612 0.274120 0.276764 0.091981 1 0 1.000000
doll01
  0 -1.481346 -2.769732 -5.135931 -0.234720 -0.932612 0.274120 0.276764 0.091981 1 0 1.000000
  0 -1.595376 -2.450521 -3.828366 -0.261712 -0.835648 0.482907 0.280978 0.142106 1 0 1.000000
  0 -2.306868 -1.833494 -4.456636 -0.987225 -0.155004 -0.036884 0.232847 0.147846 1 0 1.000000
doll01
  0 -2.506391 -0.233562 -3.387273 -0.979968 0.069648 0.186581 0.221180 0.235803 1 0 1.000000
  0 -2.306868 -1.833494 -4.456636 -0.987225 -0.155004 -0.036884 0.232847 0.147846 1 0 1.000000
  0 -1.595376 -2.450521 -3.828366 -0.261712 -0.835648 0.482907 0.280978 0.142106 1 0 1.000000
doll01
  0 -1.701244 -0.907131 -4.990942 -0.403449 0.626087 -0.667266 0.149953 0.161878 1 0 1.000000
  0 -2.306868 -1.833494 -4.456636 -0.987225 -0.155004 -0.036884 0.232847 0.147846 1 0 1.000000
  0 -2.506391 -0.233562 -3.387273 -0.979968 0.069648 0.186581 0.221180 0.235803 1 0 1.000000
doll01
  0 -1.701244 -0.907131 -4.990942 -0.403449 0.626087 -0.667266 0.149953 0.161878 1 0 1.000000
  0 -2.506391 -0.233562 -3.387273 -0.979968 0.069648 0.186581 0.221180 0.235803 1 0 1.000000
  0 -2.112085 0.437782 -4.009550 -0.752170 0.532059 -0.388784 0.162452 0.239215 1 0 1.000000
doll01
  0 -1.701244 -0.907131 -4.990942 -0.403449 0.626087 -0.667266 0.149953 0.161878 1 0 1.000000
  0 -2.112085 0.437782 -4.009550 -0.752170 0.532059 -0.388784 0.162452 0.239215 1 0 1.000000
  0 -1.694860 0.641688 -4.240123 -0.175042 0.689803 -0.702518 0.137657 0.237843 1 0 1.000000
doll01
  0 -1.902096 0.806360 -2.859119 -0.677281 0.616410 0.401659 0.186092 0.285133 1 0 1.000000
  0 -1.694860 0.641688 -4.240123 -0.175042 0.689803 -0.702518 0.137657 0.237843 1 0 1.000000
  0 -2.112085 0.437782 -4.009550 -0.752170 0.532059 -0.388784 0.162452 0.239215 1 0 1.000000
doll01
  0 -1.902096 0.806360 -2.859119 -0.677281 0.616410 0.401659 0.186092 0.285133 1 0 1.000000
  0 -0.646083 1.320745 -3.043164 0.408937 0.878792 -0.245958 0.083969 0.292594 1 0 1.000000
  0 -1.694860 0.641688 -4.240123 -0.175042 0.689803 -0.702518 0.137657 0.237843 1 0 1.000000
doll01
  0 -2.112085 0.437782 -4.009550 -0.752170 0.532059 -0.388784 0.162452 0.239215 1 0 1.000000
  0 -2.506391 -0.233562 -3.387273 -0.979968 0.069648 0.186581 0.221180 0.235803 1 0 1.000000
  0 -1.902096 0.806360 -2.859119 -0.677281 0.616410 0.401659 0.186092 0.285133 1 0 1.000000
doll01
  0 -1.637104 -1.147911 -2.651757 -0.289442 -0.407804 0.865979 0.285016 0.222265 1 0 1.000000
  0 -1.902096 0.806360 -2.859119 -0.677281 0.616410 0.401659 0.186092 0.285133 1 0 1.000000
  0 -2.506391 -0.233562 -3.387273 -0.979968 0.069648 0.186581 0.221180 0.235803 1 0 1.000000
doll01
  0 -2.506391 -0.233562 -3.387273 -0.979968 0.069648 0.186581 0.221180 0.235803 1 0 1.000000
  0 -1.595376 -2.450521 -3.828366 -0.261712 -0.835648 0.482907 0.280978 0.142106 1 0 1.000000
  0 -1.637104 -1.147911 -2.651757 -0.289442 -0.407804 0.865979 0.285016 0.222265 1 0 1.000000
doll01
  0 -1.595376 -2.450521 -3.828366 -0.261712 -0.835648 0.482907 0.280978 0.142106 1 0 1.000000
  0 -0.862928 -0.944005 -2.882330 0.557402 -0.429742 0.710370 0.315214 0.219475 1 0 1.000000
  0 -1.637104 -1.147911 -2.651757 -0.289442 -0.407804 0.865979 0.285016 0.222265 1 0 1.000000
doll01
  0 -1.595376 -2.450521 -3.828366 -0.261712 -0.835648 0.482907 0.280978 0.142106 1 0 1.000000
  0 -0.917092 -2.204244 -3.882923 0.710101 -0.582757 0.395159 0.308066 0.146363 1 0 1.000000
  0 -0.862928 -0.944005 -2.882330 0.557402 -0.429742 0.710370 0.315214 0.219475 1 0 1.000000
doll01
  0 -2.306868 -1.833494 -4.456636 -0.987225 -0.155004 -0.036884 0.232847 0.147846 1 0 1.000000
  0 -1.701244 -0.907131 -4.990942 -0.403449 0.626087 -0.667266 0.149953 0.161878 1 0 1.000000
  0 -1.685743 -1.290928 -6.302415 -0.388307 0.747393 -0.539093 0.145514 0.109784 1 0 1.000000
doll01
  0 -2.306868 -1.833494 -4.456636 -0.987225 -0.155004 -0.036884 0.232847 0.147846 1 0 1.000000
  0 -1.685743 -1.290928 -6.302415 -0.388307 0.747393 -0.539093 0.145514 0.109784 1 0 1.000000
  0 -2.157653 -2.149584 -5.771936 -0.971592 -0.217391 -0.093539 0.188271 0.097461 1 0 1.000000
doll01
  0 -1.481346 -2.769732 -5.135931 -0.234720 -0.932612 0.274120 0.276764 0.091981 1 0 1.000000
  0 -2.306868 -1.833494 -4.456636 -0.987225 -0.155004 -0.036884 0.232847 0.147846 1 0 1.000000
  0 -2.157653 -2.149584 -5.771936 -0.971592 -0.217391 -0.093539 0.188271 0.097461 1 0 1.000000
doll01
  0 -2.157653 -2.149584 -5.771936 -0.971592 -0.217391 -0.093539 0.188271 0.097461 1 0 1.000000
  0 -1.355019 -3.257921 -6.315581 -0.287344 -0.811659 0.508569 0.255231 0.046507 1 0 1.000000
  0 -1.481346 -2.769732 -5.135931 -0.234720 -0.932612 0.274120 0.276764 0.091981 1 0 1.000000
doll01
  0 -1.355019 -3.257921 -6.315581 -0.287344 -0.811659 0.508569 0.255231 0.046507 1 0 1.000000
  0 -0.776218 -2.511302 -5.179323 0.728446 -0.642332 0.238278 0.338140 0.096882 1 0 1.000000
  0 -1.481346 -2.769732 -5.135931 -0.234720 -0.932612 0.274120 0.276764 0.091981 1 0 1.000000
doll01
  0 -1.355019 -3.257921 -6.315581 -0.287344 -0.811659 0.508569 0.255231 0.046507 1 0 1.000000
  0 -0.862698 -3.050272 -6.300169 0.736863 -0.577218 0.351928 0.379489 0.045423 1 0 1.000000
  0 -0.776218 -2.511302 -5.179323 0.728446 -0.642332 0.238278 0.338140 0.096882 1 0 1.000000
doll01
  0 -0.862928 -0.944005 -2.882330 0.557402 -0.429742 0.710370 0.315214 0.219475 1 0 1.000000
  0 -0.917092 -2.204244 -3.882923 0.710101 -0.582757 0.395159 0.308066 0.146363 1 0 1.000000
  0 -0.683487 -1.449215 -4.005132 0.998876 0.035251 -0.031689 0.333840 0.168075 1 0 1.000000
doll01
  0 -0.862928 -0.944005 -2.882330 0.557402 -0.429742 0.710370 0.315214 0.219475 1 0 1.000000
  0 -0.683487 -1.449215 -4.005132 0.998876 0.035251 -0.031689 0.333840 0.168075 1 0 1.000000
  0 -0.337323 0.732236 -2.539238 0.778226 0.077283 0.623211 0.351976 0.285777 1 0 1.000000
doll01
  0 -1.637104 -1.147911 -2.651757 -0.289442 -0.407804 0.865979 0.285016 0.222265 1 0 1.000000
  0 -0.862928 -0.944005 -2.882330 0.557402 -0.429742 0.710370 0.315214 0.219475 1 0 1.000000
  0 -0.337323 0.732236 -2.539238 0.778226 0.077283 0.623211 0.351976 0.285777 1 0 1.000000
doll01
  0 -1.637104 -1.147911 -2.651757 -0.289442 -0.407804 0.865979 0.285016 0.222265 1 0 1.000000
  0 -0.337323 0.732236 -2.539238 0.778226 0.077283 0.623211 0.351976 0.285777 1 0 1.000000
  0 -1.593335 0.217851 -2.355192 -0.240864 0.131927 0.961551 0.295423 0.278316 1 0 1.000000
doll01
  0 -1.637104 -1.147911 -2.651757 -0.289442 -0.407804 0.865979 0.285016 0.222265 1 0 1.000000
  0 -1.593335 0.217851 -2.355192 -0.240864 0.131927 0.961551 0.295423 0.278316 1 0 1.000000
  0 -1.902096 0.806360 -2.859119 -0.677281 0.616410 0.401659 0.186092 0.285133 1 0 1.000000
doll01
  0 -0.337323 0.732236 -2.539238 0.778226 0.077283 0.623211 0.351976 0.285777 1 0 1.000000
  0 -1.902096 0.806360 -2.859119 -0.677281 0.616410 0.401659 0.186092 0.285133 1 0 1.000000
  0 -1.593335 0.217851 -2.355192 -0.240864 0.131927 0.961551 0.295423 0.278316 1 0 1.000000
doll01
  0 -0.337323 0.732236 -2.539238 0.778226 0.077283 0.623211 0.351976 0.285777 1 0 1.000000
  0 -0.646083 1.320745 -3.043164 0.408937 0.878792 -0.245958 0.380295 0.292594 1 0 1.000000
  0 -1.902096 0.806360 -2.859119 -0.677281 0.616410 0.401659 0.186092 0.285133 1 0 1.000000
doll01
  0 -0.683487 -1.449215 -4.005132 0.998876 0.035251 -0.031689 0.333840 0.168075 1 0 1.000000
  0 -0.646083 1.320745 -3.043164 0.408937 0.878792 -0.245958 0.380295 0.292594 1 0 1.000000
  0 -0.337323 0.732236 -2.539238 0.778226 0.077283 0.623211 0.351976 0.285777 1 0 1.000000
doll01
  0 -0.683487 -1.449215 -4.005132 0.998876 0.035251 -0.031689 0.333840 0.168075 1 0 1.000000
  0 -1.051481 -0.973557 -4.483605 0.719421 0.547499 -0.427409 0.374176 0.171955 1 0 1.000000
  0 -0.646083 1.320745 -3.043164 0.408937 0.878792 -0.245958 0.380295 0.292594 1 0 1.000000
doll01
  0 -1.051481 -0.973557 -4.483605 0.719421 0.547499 -0.427409 0.374176 0.171955 1 0 1.000000
  0 -0.683487 -1.449215 -4.005132 0.998876 0.035251 -0.031689 0.333840 0.168075 1 0 1.000000
  0 -0.572977 -1.873986 -5.410595 0.992664 0.091410 -0.079129 0.374245 0.111405 1 0 1.000000
doll01
  0 -1.051481 -0.973557 -4.483605 0.719421 0.547499 -0.427409 0.374176 0.171955 1 0 1.000000
  0 -0.572977 -1.873986 -5.410595 0.992664 0.091410 -0.079129 0.374245 0.111405 1 0 1.000000
  0 -0.972551 -1.378649 -5.904113 0.646353 0.652271 -0.395943 0.412022 0.115652 1 0 1.000000
doll01
  0 -0.758896 -2.706196 -6.507636 0.992803 0.060172 -0.103543 0.397079 0.050850 1 0 1.000000
  0 -0.972551 -1.378649 -5.904113 0.646353 0.652271 -0.395943 0.412022 0.115652 1 0 1.000000
  0 -0.572977 -1.873986 -5.410595 0.992664 0.091410 -0.079129 0.374245 0.111405 1 0 1.000000
doll01
  0 -0.758896 -2.706196 -6.507636 0.992803 0.060172 -0.103543 0.397079 0.050850 1 0 1.000000
  0 -1.054247 -2.378919 -6.874083 0.633868 0.562964 -0.530361 0.421494 0.052589 1 0 1.000000
  0 -0.972551 -1.378649 -5.904113 0.646353 0.652271 -0.395943 0.412022 0.115652 1 0 1.000000
doll01
  0 -0.758896 -2.706196 -6.507636 0.992803 0.060172 -0.103543 0.397079 0.050850 1 0 1.000000
  0 -0.916839 -3.030139 -7.741493 0.735697 0.140541 -0.662569 0.421983 0.003815 1 0 1.000000
  0 -1.054247 -2.378919 -6.874083 0.633868 0.562964 -0.530361 0.421494 0.052589 1 0 1.000000
doll01
  0 -0.758896 -2.706196 -6.507636 0.992803 0.060172 -0.103543 0.397079 0.050850 1 0 1.000000
  0 -0.758896 -3.111541 -6.953953 0.981867 0.032501 0.186762 0.402221 0.023592 1 0 1.000000
  0 -0.916839 -3.030139 -7.741493 0.735697 0.140541 -0.662569 0.421983 0.003815 1 0 1.000000
doll01
  0 -0.758896 -3.111541 -6.953953 0.981867 0.032501 0.186762 0.402221 0.023592 1 0 1.000000
  0 -0.893458 -4.521145 -6.583225 0.801825 -0.594819 0.057151 0.309386 0.003962 1 0 1.000000
  0 -0.916839 -3.030139 -7.741493 0.735697 0.140541 -0.662569 0.421983 0.003815 1 0 1.000000
doll01
  0 -0.961366 -4.332355 -6.394894 0.386015 -0.223831 0.894926 0.305546 0.016350 1 0 1.000000
  0 -0.893458 -4.521145 -6.583225 0.801825 -0.594819 0.057151 0.309386 0.003962 1 0 1.000000
  0 -0.758896 -3.111541 -6.953953 0.981867 0.032501 0.186762 0.402221 0.023592 1 0 1.000000
doll01
  0 -1.625060 -4.519372 -6.659582 -0.858780 -0.499549 0.113785 0.249743 0.004677 1 0 1.000000
  0 -0.893458 -4.521145 -6.583225 0.801825 -0.594819 0.057151 0.309386 0.003962 1 0 1.000000
  0 -0.961366 -4.332355 -6.394894 0.386015 -0.223831 0.894926 0.305546 0.016350 1 0 1.000000
doll01
  0 -1.054247 -2.378919 -6.874083 0.633868 0.562964 -0.530361 0.421494 0.052589 1 0 1.000000
  0 -1.588477 -2.353999 -7.099690 -0.466256 0.563021 -0.682359 0.443035 0.048922 1 0 1.000000
  0 -1.685743 -1.290928 -6.302415 -0.388307 0.747393 -0.539093 0.441839 0.109784 1 0 1.000000
doll01
  0 -1.054247 -2.378919 -6.874083 0.633868 0.562964 -0.530361 0.421494 0.052589 1 0 1.000000
  0 -1.685743 -1.290928 -6.302415 -0.388307 0.747393 -0.539093 0.441839 0.109784 1 0 1.000000
  0 -0.972551 -1.378649 -5.904113 0.646353 0.652271 -0.395943 0.412022 0.115652 1 0 1.000000
doll01
  0 -1.701244 -0.907131 -4.990942 -0.403449 0.626087 -0.667266 0.446279 0.161878 1 0 1.000000
  0 -0.972551 -1.378649 -5.904113 0.646353 0.652271 -0.395943 0.412022 0.115652 1 0 1.000000
  0 -1.685743 -1.290928 -6.302415 -0.388307 0.747393 -0.539093 0.441839 0.109784 1 0 1.000000
doll01
  0 -1.701244 -0.907131 -4.990942 -0.403449 0.626087 -0.667266 0.446279 0.161878 1 0 1.000000
  0 -1.051481 -0.973557 -4.483605 0.719421 0.547499 -0.427409 0.374176 0.171955 1 0 1.000000
  0 -0.972551 -1.378649 -5.904113 0.646353 0.652271 -0.395943 0.412022 0.115652 1 0 1.000000
doll01
  0 -0.646083 1.320745 -3.043164 0.408937 0.878792 -0.245958 0.380295 0.292594 1 0 1.000000
  0 -1.051481 -0.973557 -4.483605 0.719421 0.547499 -0.427409 0.374176 0.171955 1 0 1.000000
  0 -1.701244 -0.907131 -4.990942 -0.403449 0.626087 -0.667266 0.446279 0.161878 1 0 1.000000
doll01
  0 -0.646083 1.320745 -3.043164 0.408937 0.878792 -0.245958 0.380295 0.292594 1 0 1.000000
  0 -1.701244 -0.907131 -4.990942 -0.403449 0.626087 -0.667266 0.446279 0.161878 1 0 1.000000
  0 -1.694860 0.641688 -4.240123 -0.175042 0.689803 -0.702518 0.433982 0.237843 1 0 1.000000
doll01
  0 -1.516575 -4.241467 -6.496608 -0.447070 -0.180336 0.876132 0.255549 0.018715 1 0 1.000000
  0 -0.961366 -4.332355 -6.394894 0.386015 -0.223831 0.894926 0.305546 0.016350 1 0 1.000000
  0 -1.094911 -4.031026 -6.350061 0.034759 -0.033257 0.998842 0.301955 0.028678 1 0 1.000000
doll01
  0 -2.157653 -2.149584 -5.771936 -0.971592 -0.217391 -0.093539 0.188271 0.097461 1 0 1.000000
  0 -1.766284 -2.872664 -6.779153 -0.976275 -0.216507 -0.003441 0.164813 0.041056 1 0 1.000000
  0 -1.355019 -3.257921 -6.315581 -0.287344 -0.811659 0.508569 0.255231 0.046507 1 0 1.000000
doll01
  0 -1.766284 -2.872664 -6.779153 -0.976275 -0.216507 -0.003441 0.164813 0.041056 1 0 1.000000
  0 -2.157653 -2.149584 -5.771936 -0.971592 -0.217391 -0.093539 0.188271 0.097461 1 0 1.000000
  0 -1.685743 -1.290928 -6.302415 -0.388307 0.747393 -0.539093 0.145514 0.109784 1 0 1.000000
doll01
  0 -1.766284 -2.872664 -6.779153 -0.976275 -0.216507 -0.003441 0.164813 0.041056 1 0 1.000000
  0 -1.685743 -1.290928 -6.302415 -0.388307 0.747393 -0.539093 0.145514 0.109784 1 0 1.000000
  0 -1.588477 -2.353999 -7.099690 -0.466256 0.563021 -0.682359 0.146709 0.048922 1 0 1.000000
doll01
  0 -1.588477 -2.353999 -7.099690 -0.466256 0.563021 -0.682359 0.146709 0.048922 1 0 1.000000
  0 -1.668178 -3.408146 -7.069966 -0.988629 -0.071641 0.132212 0.166968 0.013472 1 0 1.000000
  0 -1.766284 -2.872664 -6.779153 -0.976275 -0.216507 -0.003441 0.164813 0.041056 1 0 1.000000
doll01
  0 -1.588477 -2.353999 -7.099690 -0.466256 0.563021 -0.682359 0.146709 0.048922 1 0 1.000000
  0 -1.585286 -3.010944 -7.757769 -0.697705 0.048084 -0.714769 0.148720 0.006658 1 0 1.000000
  0 -1.668178 -3.408146 -7.069966 -0.988629 -0.071641 0.132212 0.166968 0.013472 1 0 1.000000
doll01
  0 -1.585286 -3.010944 -7.757769 -0.697705 0.048084 -0.714769 0.148720 0.006658 1 0 1.000000
  0 -1.625060 -4.519372 -6.659582 -0.858780 -0.499549 0.113785 0.249743 0.004677 1 0 1.000000
  0 -1.668178 -3.408146 -7.069966 -0.988629 -0.071641 0.132212 0.166968 0.013472 1 0 1.000000
doll01
  0 -1.625060 -4.519372 -6.659582 -0.858780 -0.499549 0.113785 0.249743 0.004677 1 0 1.000000
  0 -1.355019 -3.435527 -6.467827 -0.311733 -0.227839 0.922449 0.254170 0.035842 1 0 1.000000
  0 -1.668178 -3.408146 -7.069966 -0.988629 -0.071641 0.132212 0.166968 0.013472 1 0 1.000000
doll01
  0 -1.766284 -2.872664 -6.779153 -0.976275 -0.216507 -0.003441 0.164813 0.041056 1 0 1.000000
  0 -1.668178 -3.408146 -7.069966 -0.988629 -0.071641 0.132212 0.166968 0.013472 1 0 1.000000
  0 -1.355019 -3.435527 -6.467827 -0.311733 -0.227839 0.922449 0.254170 0.035842 1 0 1.000000
doll01
  0 -1.766284 -2.872664 -6.779153 -0.976275 -0.216507 -0.003441 0.164813 0.041056 1 0 1.000000
  0 -1.355019 -3.435527 -6.467827 -0.311733 -0.227839 0.922449 0.254170 0.035842 1 0 1.000000
  0 -1.355019 -3.257921 -6.315581 -0.287344 -0.811659 0.508569 0.255231 0.046507 1 0 1.000000
doll01
  0 -1.054247 -2.378919 -6.874083 0.633868 0.562964 -0.530361 0.125169 0.052589 1 0 1.000000
  0 -1.585286 -3.010944 -7.757769 -0.697705 0.048084 -0.714769 0.148720 0.006658 1 0 1.000000
  0 -1.588477 -2.353999 -7.099690 -0.466256 0.563021 -0.682359 0.146709 0.048922 1 0 1.000000
doll01
  0 -1.054247 -2.378919 -6.874083 0.633868 0.562964 -0.530361 0.125169 0.052589 1 0 1.000000
  0 -0.916839 -3.030139 -7.741493 0.735697 0.140541 -0.662569 0.125657 0.003815 1 0 1.000000
  0 -1.585286 -3.010944 -7.757769 -0.697705 0.048084 -0.714769 0.148720 0.006658 1 0 1.000000
doll01
  0 -1.777625 0.628172 1.758570 -0.259126 0.917798 0.300833 0.624522 0.324613 1 0 1.000000
  0 -0.850729 0.606254 1.458601 0.583668 0.693732 -0.421980 0.596999 0.330164 1 0 1.000000
  0 -2.042275 0.099440 0.592773 0.064462 0.739481 -0.670084 0.625090 0.263308 1 0 1.000000
doll01
  0 -3.069386 -4.140547 -1.360257 0.576079 -0.789312 -0.212414 0.833541 0.007683 1 0 1.000000
  0 -3.287241 -3.794979 -1.632556 0.366029 -0.148422 -0.918691 0.877425 0.010819 1 0 1.000000
  0 -2.954595 -3.173787 -1.185268 0.838195 0.062637 -0.541761 0.870899 0.056030 1 0 1.000000
doll01
  0 -3.150679 -3.015178 -1.400612 0.345259 0.358528 -0.867326 0.892150 0.053219 1 0 1.000000
  0 -2.954595 -3.173787 -1.185268 0.838195 0.062637 -0.541761 0.870899 0.056030 1 0 1.000000
  0 -3.287241 -3.794979 -1.632556 0.366029 -0.148422 -0.918691 0.877425 0.010819 1 0 1.000000
doll01
  0 -2.954595 -3.173787 -1.185268 0.838195 0.062637 -0.541761 0.870899 0.056030 1 0 1.000000
  0 -3.150679 -3.015178 -1.400612 0.345259 0.358528 -0.867326 0.892150 0.053219 1 0 1.000000
  0 -2.981915 -2.539079 -0.949300 0.429181 0.404811 -0.807423 0.892938 0.089641 1 0 1.000000
doll01
  0 -2.954595 -3.173787 -1.185268 0.838195 0.062637 -0.541761 0.870899 0.056030 1 0 1.000000
  0 -2.981915 -2.539079 -0.949300 0.429181 0.404811 -0.807423 0.892938 0.089641 1 0 1.000000
  0 -2.718863 -2.408693 -0.728912 0.794883 0.096817 -0.598989 0.876711 0.106052 1 0 1.000000
doll01
  0 -2.872854 -3.428199 -0.944896 0.976499 -0.196132 -0.089344 0.839339 0.053596 1 0 1.000000
  0 -2.954595 -3.173787 -1.185268 0.838195 0.062637 -0.541761 0.870899 0.056030 1 0 1.000000
  0 -2.718863 -2.408693 -0.728912 0.794883 0.096817 -0.598989 0.876711 0.106052 1 0 1.000000
doll01
  0 -2.872854 -3.428199 -0.944896 0.976499 -0.196132 -0.089344 0.839339 0.053596 1 0 1.000000
  0 -2.718863 -2.408693 -0.728912 0.794883 0.096817 -0.598989 0.876711 0.106052 1 0 1.000000
  0 -2.716623 -2.721589 -0.445902 0.964543 -0.263922 0.001156 0.839679 0.101062 1 0 1.000000
doll01
  0 -2.716623 -2.721589 -0.445902 0.964543 -0.263922 0.001156 0.839679 0.101062 1 0 1.000000
  0 -2.718863 -2.408693 -0.728912 0.794883 0.096817 -0.598989 0.876711 0.106052 1 0 1.000000
  0 -2.280560 -0.926985 -0.026752 0.764322 0.032809 -0.644000 0.888969 0.197274 1 0 1.000000
doll01
  0 -2.716623 -2.721589 -0.445902 0.964543 -0.263922 0.001156 0.839679 0.101062 1 0 1.000000
  0 -2.280560 -0.926985 -0.026752 0.764322 0.032809 -0.644000 0.888969 0.197274 1 0 1.000000
  0 -2.247694 -1.326676 0.345207 0.896554 -0.415006 -0.154793 0.857999 0.191703 1 0 1.000000
doll01
  0 -0.850729 0.606254 1.458601 0.583668 0.693732 -0.421980 0.850300 0.330164 1 0 1.000000
  0 -2.247694 -1.326676 0.345207 0.896554 -0.415006 -0.154793 0.857999 0.191703 1 0 1.000000
  0 -2.280560 -0.926985 -0.026752 0.764322 0.032809 -0.644000 0.888969 0.197274 1 0 1.000000
doll01
  0 -0.850729 0.606254 1.458601 0.583668 0.693732 -0.421980 0.850300 0.330164 1 0 1.000000
  0 -0.727797 0.199619 1.868171 0.897871 -0.233704 0.373108 0.826665 0.326893 1 0 1.000000
  0 -2.247694 -1.326676 0.345207 0.896554 -0.415006 -0.154793 0.857999 0.191703 1 0 1.000000
doll01
  0 -1.777625 0.628172 1.758570 -0.259126 0.917798 0.300833 0.896775 0.324613 1 0 1.000000
  0 -0.727797 0.199619 1.868171 0.897871 -0.233704 0.373108 0.826665 0.326893 1 0 1.000000
  0 -0.850729 0.606254 1.458601 0.583668 0.693732 -0.421980 0.850300 0.330164 1 0 1.000000
doll01
  0 -1.777625 0.628172 1.758570 -0.259126 0.917798 0.300833 0.896775 0.324613 1 0 1.000000
  0 -1.654692 0.221538 2.168141 -0.060116 0.259519 0.963865 0.782176 0.321343 1 0 1.000000
  0 -0.727797 0.199619 1.868171 0.897871 -0.233704 0.373108 0.826665 0.326893 1 0 1.000000
doll01
  0 -2.215353 -0.868252 1.974737 -0.128382 -0.495265 0.859203 0.763600 0.259827 1 0 1.000000
  0 -0.727797 0.199619 1.868171 0.897871 -0.233704 0.373108 0.826665 0.326893 1 0 1.000000
  0 -1.654692 0.221538 2.168141 -0.060116 0.259519 0.963865 0.782176 0.321343 1 0 1.000000
doll01
  0 -1.654692 0.221538 2.168141 -0.060116 0.259519 0.963865 0.782176 0.321343 1 0 1.000000
  0 -2.746762 -0.415342 1.863612 -0.644874 0.002179 0.764286 0.728645 0.267113 1 0 1.000000
  0 -2.215353 -0.868252 1.974737 -0.128382 -0.495265 0.859203 0.763600 0.259827 1 0 1.000000
doll01
  0 -1.654692 0.221538 2.168141 -0.060116 0.259519 0.963865 0.782176 0.321343 1 0 1.000000
  0 -2.869695 -0.008708 1.454042 -0.769016 0.574902 0.279466 0.697716 0.270383 1 0 1.000000
  0 -2.746762 -0.415342 1.863612 -0.644874 0.002179 0.764286 0.728645 0.267113 1 0 1.000000
doll01
  0 -1.654692 0.221538 2.168141 -0.060116 0.259519 0.963865 0.782176 0.321343 1 0 1.000000
  0 -1.777625 0.628172 1.758570 -0.259126 0.917798 0.300833 0.624522 0.324613 1 0 1.000000
  0 -2.869695 -0.008708 1.454042 -0.769016 0.574902 0.279466 0.697716 0.270383 1 0 1.000000
doll01
  0 -2.546586 0.227394 0.871179 -0.428642 0.849931 -0.306405 0.657923 0.268638 1 0 1.000000
  0 -2.869695 -0.008708 1.454042 -0.769016 0.574902 0.279466 0.697716 0.270383 1 0 1.000000
  0 -1.777625 0.628172 1.758570 -0.259126 0.917798 0.300833 0.624522 0.324613 1 0 1.000000
doll01
  0 -1.777625 0.628172 1.758570 -0.259126 0.917798 0.300833 0.624522 0.324613 1 0 1.000000
  0 -2.042275 0.099440 0.592773 0.064462 0.739481 -0.670084 0.625090 0.263308 1 0 1.000000
  0 -2.546586 0.227394 0.871179 -0.428642 0.849931 -0.306405 0.657923 0.268638 1 0 1.000000
doll01
  0 -2.215353 -0.868252 1.974737 -0.128382 -0.495265 0.859203 0.763600 0.259827 1 0 1.000000
  0 -1.711042 -0.996206 1.696331 0.463365 -0.723825 0.511244 0.792149 0.254497 1 0 1.000000
  0 -0.727797 0.199619 1.868171 0.897871 -0.233704 0.373108 0.826665 0.326893 1 0 1.000000
doll01
  0 -1.711042 -0.996206 1.696331 0.463365 -0.723825 0.511244 0.792149 0.254497 1 0 1.000000
  0 -2.247694 -1.326676 0.345207 0.896554 -0.415006 -0.154793 0.857999 0.191703 1 0 1.000000
  0 -0.727797 0.199619 1.868171 0.897871 -0.233704 0.373108 0.826665 0.326893 1 0 1.000000
doll01
  0 -0.850729 0.606254 1.458601 0.583668 0.693732 -0.421980 0.850300 0.330164 1 0 1.000000
  0 -2.800026 -0.911383 -0.363460 0.130690 0.474692 -0.870395 0.911557 0.179433 1 0 1.000000
  0 -2.042275 0.099440 0.592773 0.064462 0.739481 -0.670084 0.897344 0.263308 1 0 1.000000
doll01
  0 -0.850729 0.606254 1.458601 0.583668 0.693732 -0.421980 0.850300 0.330164 1 0 1.000000
  0 -2.280560 -0.926985 -0.026752 0.764322 0.032809 -0.644000 0.888969 0.197274 1 0 1.000000
  0 -2.800026 -0.911383 -0.363460 0.130690 0.474692 -0.870395 0.911557 0.179433 1 0 1.000000
doll01
  0 -2.869695 -0.008708 1.454042 -0.769016 0.574902 0.279466 0.697716 0.270383 1 0 1.000000
  0 -2.546586 0.227394 0.871179 -0.428642 0.849931 -0.306405 0.657923 0.268638 1 0 1.000000
  0 -3.286280 -0.935869 -0.190750 -0.600549 0.536265 -0.593094 0.660299 0.175436 1 0 1.000000
doll01
  0 -2.869695 -0.008708 1.454042 -0.769016 0.574902 0.279466 0.697716 0.270383 1 0 1.000000
  0 -3.286280 -0.935869 -0.190750 -0.600549 0.536265 -0.593094 0.660299 0.175436 1 0 1.000000
  0 -3.516665 -1.191046 0.117675 -0.981975 0.186855 0.028459 0.678714 0.169814 1 0 1.000000
doll01
  0 -2.746762 -0.415342 1.863612 -0.644874 0.002179 0.764286 0.728645 0.267113 1 0 1.000000
  0 -2.869695 -0.008708 1.454042 -0.769016 0.574902 0.279466 0.697716 0.270383 1 0 1.000000
  0 -3.516665 -1.191046 0.117675 -0.981975 0.186855 0.028459 0.678714 0.169814 1 0 1.000000
doll01
  0 -2.746762 -0.415342 1.863612 -0.644874 0.002179 0.764286 0.728645 0.267113 1 0 1.000000
  0 -3.516665 -1.191046 0.117675 -0.981975 0.186855 0.028459 0.678714 0.169814 1 0 1.000000
  0 -3.367592 -1.477567 0.398994 -0.769038 -0.325383 0.550188 0.695605 0.168328 1 0 1.000000
doll01
  0 -2.215353 -0.868252 1.974737 -0.128382 -0.495265 0.859203 0.763600 0.259827 1 0 1.000000
  0 -2.746762 -0.415342 1.863612 -0.644874 0.002179 0.764286 0.728645 0.267113 1 0 1.000000
  0 -3.367592 -1.477567 0.398994 -0.769038 -0.325383 0.550188 0.695605 0.168328 1 0 1.000000
doll01
  0 -2.215353 -0.868252 1.974737 -0.128382 -0.495265 0.859203 0.763600 0.259827 1 0 1.000000
  0 -3.367592 -1.477567 0.398994 -0.769038 -0.325383 0.550188 0.695605 0.168328 1 0 1.000000
  0 -2.889827 -1.810065 0.597133 -0.267879 -0.674717 0.687749 0.738151 0.167862 1 0 1.000000
doll01
  0 -1.711042 -0.996206 1.696331 0.463365 -0.723825 0.511244 0.792149 0.254497 1 0 1.000000
  0 -2.215353 -0.868252 1.974737 -0.128382 -0.495265 0.859203 0.763600 0.259827 1 0 1.000000
  0 -2.889827 -1.810065 0.597133 -0.267879 -0.674717 0.687749 0.738151 0.167862 1 0 1.000000
doll01
  0 -1.711042 -0.996206 1.696331 0.463365 -0.723825 0.511244 0.792149 0.254497 1 0 1.000000
  0 -2.889827 -1.810065 0.597133 -0.267879 -0.674717 0.687749 0.738151 0.167862 1 0 1.000000
  0 -2.583592 -1.812599 0.587914 0.482211 -0.768714 0.420180 0.775485 0.172545 1 0 1.000000
doll01
  0 -1.711042 -0.996206 1.696331 0.463365 -0.723825 0.511244 0.792149 0.254497 1 0 1.000000
  0 -2.583592 -1.812599 0.587914 0.482211 -0.768714 0.420180 0.775485 0.172545 1 0 1.000000
  0 -2.247694 -1.326676 0.345207 0.896554 -0.415006 -0.154793 0.857999 0.191703 1 0 1.000000
doll01
  0 -2.811202 -2.751283 -0.289503 0.548867 -0.501272 0.668932 0.815956 0.102837 1 0 1.000000
  0 -2.247694 -1.326676 0.345207 0.896554 -0.415006 -0.154793 0.857999 0.191703 1 0 1.000000
  0 -2.583592 -1.812599 0.587914 0.482211 -0.768714 0.420180 0.775485 0.172545 1 0 1.000000
doll01
  0 -2.811202 -2.751283 -0.289503 0.548867 -0.501272 0.668932 0.815956 0.102837 1 0 1.000000
  0 -2.716623 -2.721589 -0.445902 0.964543 -0.263922 0.001156 0.839679 0.101062 1 0 1.000000
  0 -2.247694 -1.326676 0.345207 0.896554 -0.415006 -0.154793 0.857999 0.191703 1 0 1.000000
doll01
  0 -2.935864 -3.513673 -0.521762 0.838268 -0.180071 0.514666 0.800283 0.061369 1 0 1.000000
  0 -2.716623 -2.721589 -0.445902 0.964543 -0.263922 0.001156 0.839679 0.101062 1 0 1.000000
  0 -2.811202 -2.751283 -0.289503 0.548867 -0.501272 0.668932 0.815956 0.102837 1 0 1.000000
doll01
  0 -2.935864 -3.513673 -0.521762 0.838268 -0.180071 0.514666 0.800283 0.061369 1 0 1.000000
  0 -2.872854 -3.428199 -0.944896 0.976499 -0.196132 -0.089344 0.839339 0.053596 1 0 1.000000
  0 -2.716623 -2.721589 -0.445902 0.964543 -0.263922 0.001156 0.839679 0.101062 1 0 1.000000
doll01
  0 -2.973881 -3.723390 -0.740163 0.837345 -0.545296 -0.038795 0.807488 0.045348 1 0 1.000000
  0 -2.872854 -3.428199 -0.944896 0.976499 -0.196132 -0.089344 0.839339 0.053596 1 0 1.000000
  0 -2.935864 -3.513673 -0.521762 0.838268 -0.180071 0.514666 0.800283 0.061369 1 0 1.000000
doll01
  0 -2.872854 -3.428199 -0.944896 0.976499 -0.196132 -0.089344 0.839339 0.053596 1 0 1.000000
  0 -2.973881 -3.723390 -0.740163 0.837345 -0.545296 -0.038795 0.807488 0.045348 1 0 1.000000
  0 -3.069386 -4.140547 -1.360257 0.576079 -0.789312 -0.212414 0.833541 0.007683 1 0 1.000000
doll01
  0 -3.299326 -4.020405 -1.302923 -0.635935 -0.757912 0.145452 0.835937 0.010702 1 0 1.000000
  0 -3.069386 -4.140547 -1.360257 0.576079 -0.789312 -0.212414 0.833541 0.007683 1 0 1.000000
  0 -2.973881 -3.723390 -0.740163 0.837345 -0.545296 -0.038795 0.807488 0.045348 1 0 1.000000
doll01
  0 -3.559198 -3.758935 -1.541831 -0.770090 -0.247269 -0.588065 0.904553 0.010536 1 0 1.000000
  0 -3.069386 -4.140547 -1.360257 0.576079 -0.789312 -0.212414 0.833541 0.007683 1 0 1.000000
  0 -3.299326 -4.020405 -1.302923 -0.635935 -0.757912 0.145452 0.835937 0.010702 1 0 1.000000
doll01
  0 -3.559198 -3.758935 -1.541831 -0.770090 -0.247269 -0.588065 0.904553 0.010536 1 0 1.000000
  0 -3.287241 -3.794979 -1.632556 0.366029 -0.148422 -0.918691 0.877425 0.010819 1 0 1.000000
  0 -3.069386 -4.140547 -1.360257 0.576079 -0.789312 -0.212414 0.833541 0.007683 1 0 1.000000
doll01
  0 -3.069386 -4.140547 -1.360257 0.576079 -0.789312 -0.212414 0.833541 0.007683 1 0 1.000000
  0 -2.954595 -3.173787 -1.185268 0.838195 0.062637 -0.541761 0.870899 0.056030 1 0 1.000000
  0 -2.872854 -3.428199 -0.944896 0.976499 -0.196132 -0.089344 0.839339 0.053596 1 0 1.000000
doll01
  0 -3.000344 -2.782206 -0.352897 -0.247791 -0.433456 0.866438 0.799768 0.096522 1 0 1.000000
  0 -2.889827 -1.810065 0.597133 -0.267879 -0.674717 0.687749 0.738151 0.167862 1 0 1.000000
  0 -3.367592 -1.477567 0.398994 -0.769038 -0.325383 0.550188 0.695605 0.168328 1 0 1.000000
doll01
  0 -3.000344 -2.782206 -0.352897 -0.247791 -0.433456 0.866438 0.799768 0.096522 1 0 1.000000
  0 -3.367592 -1.477567 0.398994 -0.769038 -0.325383 0.550188 0.695605 0.168328 1 0 1.000000
  0 -3.362458 -2.718597 -0.388236 -0.678849 -0.337345 0.652198 0.699518 0.092211 1 0 1.000000
doll01
  0 -3.486699 -2.524516 -0.576086 -0.992122 0.125224 -0.003695 0.674678 0.092913 1 0 1.000000
  0 -3.362458 -2.718597 -0.388236 -0.678849 -0.337345 0.652198 0.699518 0.092211 1 0 1.000000
  0 -3.367592 -1.477567 0.398994 -0.769038 -0.325383 0.550188 0.695605 0.168328 1 0 1.000000
doll01
  0 -3.692778 -3.141862 -1.098695 -0.998137 0.055469 -0.025401 0.666620 0.047740 1 0 1.000000
  0 -3.362458 -2.718597 -0.388236 -0.678849 -0.337345 0.652198 0.699518 0.092211 1 0 1.000000
  0 -3.486699 -2.524516 -0.576086 -0.992122 0.125224 -0.003695 0.674678 0.092913 1 0 1.000000
doll01
  0 -3.486699 -2.524516 -0.576086 -0.992122 0.125224 -0.003695 0.674678 0.092913 1 0 1.000000
  0 -3.475481 -2.948327 -1.348418 -0.526129 0.456971 -0.717193 0.641570 0.052242 1 0 1.000000
  0 -3.692778 -3.141862 -1.098695 -0.998137 0.055469 -0.025401 0.666620 0.047740 1 0 1.000000
doll01
  0 -3.486699 -2.524516 -0.576086 -0.992122 0.125224 -0.003695 0.674678 0.092913 1 0 1.000000
  0 -3.329630 -2.318582 -0.746910 -0.569474 0.476372 -0.669903 0.652864 0.099273 1 0 1.000000
  0 -3.475481 -2.948327 -1.348418 -0.526129 0.456971 -0.717193 0.641570 0.052242 1 0 1.000000
doll01
  0 -3.486699 -2.524516 -0.576086 -0.992122 0.125224 -0.003695 0.674678 0.092913 1 0 1.000000
  0 -3.286280 -0.935869 -0.190750 -0.600549 0.536265 -0.593094 0.660299 0.175436 1 0 1.000000
  0 -3.329630 -2.318582 -0.746910 -0.569474 0.476372 -0.669903 0.652864 0.099273 1 0 1.000000
doll01
  0 -3.486699 -2.524516 -0.576086 -0.992122 0.125224 -0.003695 0.674678 0.092913 1 0 1.000000
  0 -3.516665 -1.191046 0.117675 -0.981975 0.186855 0.028459 0.678714 0.169814 1 0 1.000000
  0 -3.286280 -0.935869 -0.190750 -0.600549 0.536265 -0.593094 0.660299 0.175436 1 0 1.000000
doll01
  0 -3.486699 -2.524516 -0.576086 -0.992122 0.125224 -0.003695 0.674678 0.092913 1 0 1.000000
  0 -3.367592 -1.477567 0.398994 -0.769038 -0.325383 0.550188 0.695605 0.168328 1 0 1.000000
  0 -3.516665 -1.191046 0.117675 -0.981975 0.186855 0.028459 0.678714 0.169814 1 0 1.000000
doll01
  0 -3.362458 -2.718597 -0.388236 -0.678849 -0.337345 0.652198 0.699518 0.092211 1 0 1.000000
  0 -3.469983 -2.894548 -0.488547 -0.603553 -0.241916 0.759737 0.701685 0.079963 1 0 1.000000
  0 -3.000344 -2.782206 -0.352897 -0.247791 -0.433456 0.866438 0.799768 0.096522 1 0 1.000000
doll01
  0 -3.692778 -3.141862 -1.098695 -0.998137 0.055469 -0.025401 0.666620 0.047740 1 0 1.000000
  0 -3.469983 -2.894548 -0.488547 -0.603553 -0.241916 0.759737 0.701685 0.079963 1 0 1.000000
  0 -3.362458 -2.718597 -0.388236 -0.678849 -0.337345 0.652198 0.699518 0.092211 1 0 1.000000
doll01
  0 -2.546586 0.227394 0.871179 -0.428642 0.849931 -0.306405 0.657923 0.268638 1 0 1.000000
  0 -2.042275 0.099440 0.592773 0.064462 0.739481 -0.670084 0.625090 0.263308 1 0 1.000000
  0 -2.800026 -0.911383 -0.363460 0.130690 0.474692 -0.870395 0.639303 0.179433 1 0 1.000000
doll01
  0 -2.546586 0.227394 0.871179 -0.428642 0.849931 -0.306405 0.657923 0.268638 1 0 1.000000
  0 -2.800026 -0.911383 -0.363460 0.130690 0.474692 -0.870395 0.639303 0.179433 1 0 1.000000
  0 -3.286280 -0.935869 -0.190750 -0.600549 0.536265 -0.593094 0.660299 0.175436 1 0 1.000000
doll01
  0 -2.951492 -2.259291 -0.855160 0.207940 0.394257 -0.895166 0.625681 0.104868 1 0 1.000000
  0 -3.286280 -0.935869 -0.190750 -0.600549 0.536265 -0.593094 0.660299 0.175436 1 0 1.000000
  0 -2.800026 -0.911383 -0.363460 0.130690 0.474692 -0.870395 0.639303 0.179433 1 0 1.000000
doll01
  0 -2.951492 -2.259291 -0.855160 0.207940 0.394257 -0.895166 0.625681 0.104868 1 0 1.000000
  0 -3.329630 -2.318582 -0.746910 -0.569474 0.476372 -0.669903 0.652864 0.099273 1 0 1.000000
  0 -3.286280 -0.935869 -0.190750 -0.600549 0.536265 -0.593094 0.660299 0.175436 1 0 1.000000
doll01
  0 -3.329630 -2.318582 -0.746910 -0.569474 0.476372 -0.669903 0.652864 0.099273 1 0 1.000000
  0 -2.951492 -2.259291 -0.855160 0.207940 0.394257 -0.895166 0.625681 0.104868 1 0 1.000000
  0 -2.981915 -2.539079 -0.949300 0.429181 0.404811 -0.807423 0.620685 0.089641 1 0 1.000000
doll01
  0 -3.329630 -2.318582 -0.746910 -0.569474 0.476372 -0.669903 0.652864 0.099273 1 0 1.000000
  0 -2.981915 -2.539079 -0.949300 0.429181 0.404811 -0.807423 0.620685 0.089641 1 0 1.000000
  0 -3.150679 -3.015178 -1.400612 0.345259 0.358528 -0.867326 0.619896 0.053219 1 0 1.000000
doll01
  0 -3.329630 -2.318582 -0.746910 -0.569474 0.476372 -0.669903 0.652864 0.099273 1 0 1.000000
  0 -3.150679 -3.015178 -1.400612 0.345259 0.358528 -0.867326 0.619896 0.053219 1 0 1.000000
  0 -3.475481 -2.948327 -1.348418 -0.526129 0.456971 -0.717193 0.641570 0.052242 1 0 1.000000
doll01
  0 -3.287241 -3.794979 -1.632556 0.366029 -0.148422 -0.918691 0.605171 0.010819 1 0 1.000000
  0 -3.475481 -2.948327 -1.348418 -0.526129 0.456971 -0.717193 0.641570 0.052242 1 0 1.000000
  0 -3.150679 -3.015178 -1.400612 0.345259 0.358528 -0.867326 0.619896 0.053219 1 0 1.000000
doll01
  0 -3.287241 -3.794979 -1.632556 0.366029 -0.148422 -0.918691 0.605171 0.010819 1 0 1.000000
  0 -3.559198 -3.758935 -1.541831 -0.770090 -0.247269 -0.588065 0.632299 0.010536 1 0 1.000000
  0 -3.475481 -2.948327 -1.348418 -0.526129 0.456971 -0.717193 0.641570 0.052242 1 0 1.000000
doll01
  0 -3.692778 -3.141862 -1.098695 -0.998137 0.055469 -0.025401 0.666620 0.047740 1 0 1.000000
  0 -3.475481 -2.948327 -1.348418 -0.526129 0.456971 -0.717193 0.641570 0.052242 1 0 1.000000
  0 -3.559198 -3.758935 -1.541831 -0.770090 -0.247269 -0.588065 0.632299 0.010536 1 0 1.000000
doll01
  0 -3.559198 -3.758935 -1.541831 -0.770090 -0.247269 -0.588065 0.632299 0.010536 1 0 1.000000
  0 -3.537172 -3.328156 -0.889784 -0.835886 -0.299046 0.460290 0.686621 0.048510 1 0 1.000000
  0 -3.692778 -3.141862 -1.098695 -0.998137 0.055469 -0.025401 0.666620 0.047740 1 0 1.000000
doll01
  0 -3.692778 -3.141862 -1.098695 -0.998137 0.055469 -0.025401 0.666620 0.047740 1 0 1.000000
  0 -3.537172 -3.328156 -0.889784 -0.835886 -0.299046 0.460290 0.686621 0.048510 1 0 1.000000
  0 -3.469983 -2.894548 -0.488547 -0.603553 -0.241916 0.759737 0.701685 0.079963 1 0 1.000000
doll01
  0 -3.194789 -3.521108 -0.434036 -0.432861 -0.219233 0.874396 0.774898 0.059355 1 0 1.000000
  0 -3.469983 -2.894548 -0.488547 -0.603553 -0.241916 0.759737 0.701685 0.079963 1 0 1.000000
  0 -3.537172 -3.328156 -0.889784 -0.835886 -0.299046 0.460290 0.686621 0.048510 1 0 1.000000
doll01
  0 -3.194789 -3.521108 -0.434036 -0.432861 -0.219233 0.874396 0.774898 0.059355 1 0 1.000000
  0 -3.000344 -2.782206 -0.352897 -0.247791 -0.433456 0.866438 0.799768 0.096522 1 0 1.000000
  0 -3.469983 -2.894548 -0.488547 -0.603553 -0.241916 0.759737 0.701685 0.079963 1 0 1.000000
doll01
  0 -2.935864 -3.513673 -0.521762 0.838268 -0.180071 0.514666 0.800283 0.061369 1 0 1.000000
  0 -3.000344 -2.782206 -0.352897 -0.247791 -0.433456 0.866438 0.799768 0.096522 1 0 1.000000
  0 -3.194789 -3.521108 -0.434036 -0.432861 -0.219233 0.874396 0.774898 0.059355 1 0 1.000000
doll01
  0 -2.935864 -3.513673 -0.521762 0.838268 -0.180071 0.514666 0.800283 0.061369 1 0 1.000000
  0 -2.811202 -2.751283 -0.289503 0.548867 -0.501272 0.668932 0.815956 0.102837 1 0 1.000000
  0 -3.000344 -2.782206 -0.352897 -0.247791 -0.433456 0.866438 0.799768 0.096522 1 0 1.000000
doll01
  0 -3.000344 -2.782206 -0.352897 -0.247791 -0.433456 0.866438 0.799768 0.096522 1 0 1.000000
  0 -2.811202 -2.751283 -0.289503 0.548867 -0.501272 0.668932 0.815956 0.102837 1 0 1.000000
  0 -2.583592 -1.812599 0.587914 0.482211 -0.768714 0.420180 0.775485 0.172545 1 0 1.000000
doll01
  0 -3.000344 -2.782206 -0.352897 -0.247791 -0.433456 0.866438 0.799768 0.096522 1 0 1.000000
  0 -2.583592 -1.812599 0.587914 0.482211 -0.768714 0.420180 0.775485 0.172545 1 0 1.000000
  0 -2.889827 -1.810065 0.597133 -0.267879 -0.674717 0.687749 0.738151 0.167862 1 0 1.000000
doll01
  0 -3.559198 -3.758935 -1.541831 -0.770090 -0.247269 -0.588065 0.632299 0.010536 1 0 1.000000
  0 -3.299326 -4.020405 -1.302923 -0.635935 -0.757912 0.145452 0.563683 0.010702 1 0 1.000000
  0 -3.537172 -3.328156 -0.889784 -0.835886 -0.299046 0.460290 0.686621 0.048510 1 0 1.000000
doll01
  0 -2.718863 -2.408693 -0.728912 0.794883 0.096817 -0.598989 0.604457 0.106052 1 0 1.000000
  0 -2.800026 -0.911383 -0.363460 0.130690 0.474692 -0.870395 0.639303 0.179433 1 0 1.000000
  0 -2.280560 -0.926985 -0.026752 0.764322 0.032809 -0.644000 0.616715 0.197274 1 0 1.000000
doll01
  0 -2.718863 -2.408693 -0.728912 0.794883 0.096817 -0.598989 0.604457 0.106052 1 0 1.000000
  0 -2.951492 -2.259291 -0.855160 0.207940 0.394257 -0.895166 0.625681 0.104868 1 0 1.000000
  0 -2.800026 -0.911383 -0.363460 0.130690 0.474692 -0.870395 0.639303 0.179433 1 0 1.000000
doll01
  0 -2.718863 -2.408693 -0.728912 0.794883 0.096817 -0.598989 0.604457 0.106052 1 0 1.000000
  0 -2.981915 -2.539079 -0.949300 0.429181 0.404811 -0.807423 0.620685 0.089641 1 0 1.000000
  0 -2.951492 -2.259291 -0.855160 0.207940 0.394257 -0.895166 0.625681 0.104868 1 0 1.000000
doll01
  0 -3.265071 -3.804342 -0.734622 -0.619760 -0.735573 0.273550 0.783396 0.037240 1 0 1.000000
  0 -3.095285 -3.990831 -0.559737 0.085041 -0.995706 0.036556 0.786278 0.046575 1 0 1.000000
  0 -3.061080 -3.909528 -0.414137 0.079076 -0.496532 0.864409 0.787093 0.055309 1 0 1.000000
doll01
  0 -2.960285 -3.861743 -0.495450 0.860774 -0.485146 0.153952 0.794997 0.053283 1 0 1.000000
  0 -3.061080 -3.909528 -0.414137 0.079076 -0.496532 0.864409 0.787093 0.055309 1 0 1.000000
  0 -3.095285 -3.990831 -0.559737 0.085041 -0.995706 0.036556 0.786278 0.046575 1 0 1.000000
doll01
  0 -2.973881 -3.723390 -0.740163 0.837345 -0.545296 -0.038795 0.807488 0.045348 1 0 1.000000
  0 -2.960285 -3.861743 -0.495450 0.860774 -0.485146 0.153952 0.794997 0.053283 1 0 1.000000
  0 -3.095285 -3.990831 -0.559737 0.085041 -0.995706 0.036556 0.786278 0.046575 1 0 1.000000
doll01
  0 -2.935864 -3.513673 -0.521762 0.838268 -0.180071 0.514666 0.800283 0.061369 1 0 1.000000
  0 -2.960285 -3.861743 -0.495450 0.860774 -0.485146 0.153952 0.794997 0.053283 1 0 1.000000
  0 -2.973881 -3.723390 -0.740163 0.837345 -0.545296 -0.038795 0.807488 0.045348 1 0 1.000000
doll01
  0 -3.194789 -3.521108 -0.434036 -0.432861 -0.219233 0.874396 0.774898 0.059355 1 0 1.000000
  0 -2.960285 -3.861743 -0.495450 0.860774 -0.485146 0.153952 0.794997 0.053283 1 0 1.000000
  0 -2.935864 -3.513673 -0.521762 0.838268 -0.180071 0.514666 0.800283 0.061369 1 0 1.000000
doll01
  0 -3.194789 -3.521108 -0.434036 -0.432861 -0.219233 0.874396 0.774898 0.059355 1 0 1.000000
  0 -3.061080 -3.909528 -0.414137 0.079076 -0.496532 0.864409 0.787093 0.055309 1 0 1.000000
  0 -2.960285 -3.861743 -0.495450 0.860774 -0.485146 0.153952 0.794997 0.053283 1 0 1.000000
doll01
  0 -3.265071 -3.804342 -0.734622 -0.619760 -0.735573 0.273550 0.783396 0.037240 1 0 1.000000
  0 -3.061080 -3.909528 -0.414137 0.079076 -0.496532 0.864409 0.787093 0.055309 1 0 1.000000
  0 -3.194789 -3.521108 -0.434036 -0.432861 -0.219233 0.874396 0.774898 0.059355 1 0 1.000000
doll01
  0 -3.194789 -3.521108 -0.434036 -0.432861 -0.219233 0.874396 0.774898 0.059355 1 0 1.000000
  0 -3.537172 -3.328156 -0.889784 -0.835886 -0.299046 0.460290 0.686621 0.048510 1 0 1.000000
  0 -3.265071 -3.804342 -0.734622 -0.619760 -0.735573 0.273550 0.783396 0.037240 1 0 1.000000
doll01
  0 -3.537172 -3.328156 -0.889784 -0.835886 -0.299046 0.460290 0.686621 0.048510 1 0 1.000000
  0 -3.299326 -4.020405 -1.302923 -0.635935 -0.757912 0.145452 0.835937 0.010702 1 0 1.000000
  0 -3.265071 -3.804342 -0.734622 -0.619760 -0.735573 0.273550 0.783396 0.037240 1 0 1.000000
doll01
  0 -3.299326 -4.020405 -1.302923 -0.635935 -0.757912 0.145452 0.835937 0.010702 1 0 1.000000
  0 -2.973881 -3.723390 -0.740163 0.837345 -0.545296 -0.038795 0.807488 0.045348 1 0 1.000000
  0 -3.265071 -3.804342 -0.734622 -0.619760 -0.735573 0.273550 0.783396 0.037240 1 0 1.000000
doll01
  0 -2.973881 -3.723390 -0.740163 0.837345 -0.545296 -0.038795 0.807488 0.045348 1 0 1.000000
  0 -3.095285 -3.990831 -0.559737 0.085041 -0.995706 0.036556 0.786278 0.046575 1 0 1.000000
  0 -3.265071 -3.804342 -0.734622 -0.619760 -0.735573 0.273550 0.783396 0.037240 1 0 1.000000
doll01
  0 -1.237278 0.233084 7.420708 -0.507844 0.350851 0.786764 0.935493 0.467817 1 0 1.000000
  0 0.000000 1.154959 6.764437 0.000000 0.860757 0.509015 0.885035 0.524317 1 0 1.000000
  0 -1.167870 1.097600 6.650203 -0.471701 0.727939 0.497597 0.885409 0.470987 1 0 1.000000
doll01
  0 1.237278 0.233084 7.420708 0.507844 0.350851 0.786764 0.935493 0.580816 1 0 1.000000
  0 1.167870 1.097600 6.650203 0.471701 0.727939 0.497597 0.885409 0.577646 1 0 1.000000
  0 0.000000 1.154959 6.764437 0.000000 0.860757 0.509015 0.885035 0.524317 1 0 1.000000
doll01
  0 1.237278 0.233084 7.420708 0.507844 0.350851 0.786764 0.935493 0.580816 1 0 1.000000
  0 0.000000 1.154959 6.764437 0.000000 0.860757 0.509015 0.885035 0.524317 1 0 1.000000
  0 0.000000 0.240688 7.693994 0.000000 0.390599 0.920561 0.940048 0.524317 1 0 1.000000
doll01
  0 -1.237278 0.233084 7.420708 -0.507844 0.350851 0.786764 0.935493 0.467817 1 0 1.000000
  0 0.000000 0.240688 7.693994 0.000000 0.390599 0.920561 0.940048 0.524317 1 0 1.000000
  0 0.000000 1.154959 6.764437 0.000000 0.860757 0.509015 0.885035 0.524317 1 0 1.000000
doll01
  0 -1.237278 0.233084 7.420708 -0.507844 0.350851 0.786764 0.935493 0.467817 1 0 1.000000
  0 0.000000 -1.125505 7.741048 0.000000 -0.240791 0.970577 0.992896 0.524317 1 0 1.000000
  0 0.000000 0.240688 7.693994 0.000000 0.390599 0.920561 0.940048 0.524317 1 0 1.000000
doll01
  0 -1.237278 0.233084 7.420708 -0.507844 0.350851 0.786764 0.935493 0.467817 1 0 1.000000
  0 -1.266741 -1.098563 7.447543 -0.526076 -0.200354 0.826500 0.991950 0.466472 1 0 1.000000
  0 0.000000 -1.125505 7.741048 0.000000 -0.240791 0.970577 0.992896 0.524317 1 0 1.000000
doll01
  0 1.237278 0.233084 7.420708 0.507844 0.350851 0.786764 0.935493 0.580816 1 0 1.000000
  0 0.000000 0.240688 7.693994 0.000000 0.390599 0.920561 0.940048 0.524317 1 0 1.000000
  0 0.000000 -1.125505 7.741048 0.000000 -0.240791 0.970577 0.992896 0.524317 1 0 1.000000
doll01
  0 1.237278 0.233084 7.420708 0.507844 0.350851 0.786764 0.935493 0.580816 1 0 1.000000
  0 0.000000 -1.125505 7.741048 0.000000 -0.240791 0.970577 0.992896 0.524317 1 0 1.000000
  0 1.266741 -1.098563 7.447543 0.526076 -0.200354 0.826500 0.991950 0.582161 1 0 1.000000
doll01
  0 1.588477 -0.678485 -7.645324 0.466256 0.772993 -0.430218 0.608061 0.390098 1 0 1.000000
  0 1.585286 -1.050391 -8.497573 0.697705 0.305289 -0.648079 0.608365 0.346502 1 0 1.000000
  0 0.916839 -1.074198 -8.489413 -0.735697 0.372361 -0.565771 0.636240 0.346729 1 0 1.000000
doll01
  0 0.972551 -0.205977 -6.176498 -0.646353 0.751714 -0.130974 0.634070 0.462624 1 0 1.000000
  0 1.685743 0.020880 -6.515431 0.388307 0.892467 -0.229609 0.605339 0.451365 1 0 1.000000
  0 1.588477 -0.678485 -7.645324 0.466256 0.772993 -0.430218 0.608061 0.390098 1 0 1.000000
doll01
  0 0.972551 -0.205977 -6.176498 -0.646353 0.751714 -0.130974 0.634070 0.462624 1 0 1.000000
  0 1.588477 -0.678485 -7.645324 0.466256 0.772993 -0.430218 0.608061 0.390098 1 0 1.000000
  0 1.054247 -0.783918 -7.444318 -0.633868 0.717541 -0.288696 0.632920 0.397316 1 0 1.000000
doll01
  0 1.588477 -0.678485 -7.645324 0.466256 0.772993 -0.430218 0.608061 0.390098 1 0 1.000000
  0 0.916839 -1.074198 -8.489413 -0.735697 0.372361 -0.565771 0.636240 0.346729 1 0 1.000000
  0 1.054247 -0.783918 -7.444318 -0.633868 0.717541 -0.288696 0.632920 0.397316 1 0 1.000000
doll01
  0 1.054247 -0.783918 -7.444318 -0.633868 0.717541 -0.288696 0.632920 0.397316 1 0 1.000000
  0 0.916839 -1.074198 -8.489413 -0.735697 0.372361 -0.565771 0.636240 0.346729 1 0 1.000000
  0 0.758896 -1.437036 -7.785713 -0.997468 -0.028101 0.065334 0.661086 0.371401 1 0 1.000000
doll01
  0 0.916839 -1.074198 -8.489413 -0.735697 0.372361 -0.565771 0.636240 0.346729 1 0 1.000000
  0 0.893458 -2.884800 -7.954245 -0.775161 -0.557604 -0.296991 0.725363 0.339359 1 0 1.000000
  0 0.758896 -1.437036 -7.785713 -0.997468 -0.028101 0.065334 0.661086 0.371401 1 0 1.000000
doll01
  0 0.758896 -1.437036 -7.785713 -0.997468 -0.028101 0.065334 0.661086 0.371401 1 0 1.000000
  0 0.893458 -2.884800 -7.954245 -0.775161 -0.557604 -0.296991 0.725363 0.339359 1 0 1.000000
  0 0.961366 -2.777638 -7.710059 -0.587198 -0.444580 0.676423 0.727573 0.351833 1 0 1.000000
doll01
  0 1.703909 -2.892825 -7.652726 0.673016 -0.447010 0.589264 0.759272 0.352077 1 0 1.000000
  0 0.961366 -2.777638 -7.710059 -0.587198 -0.444580 0.676423 0.727573 0.351833 1 0 1.000000
  0 0.893458 -2.884800 -7.954245 -0.775161 -0.557604 -0.296991 0.725363 0.339359 1 0 1.000000
doll01
  0 1.703909 -2.892825 -7.652726 0.673016 -0.447010 0.589264 0.759272 0.352077 1 0 1.000000
  0 1.355019 -1.915915 -7.451108 0.284478 -0.456397 0.843074 0.727298 0.377648 1 0 1.000000
  0 0.961366 -2.777638 -7.710059 -0.587198 -0.444580 0.676423 0.727573 0.351833 1 0 1.000000
doll01
  0 1.355019 -1.915915 -7.451108 0.284478 -0.456397 0.843074 0.727298 0.377648 1 0 1.000000
  0 1.703909 -2.892825 -7.652726 0.673016 -0.447010 0.589264 0.759272 0.352077 1 0 1.000000
  0 1.668178 -1.670955 -8.001849 0.997233 -0.054489 0.050568 0.855810 0.357597 1 0 1.000000
doll01
  0 1.355019 -1.806014 -7.244602 0.287344 -0.941188 0.177761 0.724840 0.388548 1 0 1.000000
  0 1.355019 -1.915915 -7.451108 0.284478 -0.456397 0.843074 0.727298 0.377648 1 0 1.000000
  0 1.668178 -1.670955 -8.001849 0.997233 -0.054489 0.050568 0.855810 0.357597 1 0 1.000000
doll01
  0 1.355019 -1.806014 -7.244602 0.287344 -0.941188 0.177761 0.724840 0.388548 1 0 1.000000
  0 1.668178 -1.670955 -8.001849 0.997233 -0.054489 0.050568 0.855810 0.357597 1 0 1.000000
  0 1.766284 -1.278300 -7.535872 0.976275 -0.200361 -0.082115 0.860110 0.384613 1 0 1.000000
doll01
  0 1.355019 -1.806014 -7.244602 0.287344 -0.941188 0.177761 0.724840 0.388548 1 0 1.000000
  0 1.766284 -1.278300 -7.535872 0.976275 -0.200361 -0.082115 0.860110 0.384613 1 0 1.000000
  0 2.157653 -0.972057 -6.334396 0.971592 -0.168346 -0.166338 0.834462 0.442206 1 0 1.000000
doll01
  0 1.588477 -0.678485 -7.645324 0.466256 0.772993 -0.430218 0.881764 0.390098 1 0 1.000000
  0 2.157653 -0.972057 -6.334396 0.971592 -0.168346 -0.166338 0.834462 0.442206 1 0 1.000000
  0 1.766284 -1.278300 -7.535872 0.976275 -0.200361 -0.082115 0.860110 0.384613 1 0 1.000000
doll01
  0 1.588477 -0.678485 -7.645324 0.466256 0.772993 -0.430218 0.881764 0.390098 1 0 1.000000
  0 1.685743 0.020880 -6.515431 0.388307 0.892467 -0.229609 0.879042 0.451365 1 0 1.000000
  0 2.157653 -0.972057 -6.334396 0.971592 -0.168346 -0.166338 0.834462 0.442206 1 0 1.000000
doll01
  0 2.157653 -0.972057 -6.334396 0.971592 -0.168346 -0.166338 0.834462 0.442206 1 0 1.000000
  0 1.685743 0.020880 -6.515431 0.388307 0.892467 -0.229609 0.879042 0.451365 1 0 1.000000
  0 1.701244 -0.099716 -5.154285 0.403449 0.826220 -0.393178 0.870738 0.508838 1 0 1.000000
doll01
  0 2.157653 -0.972057 -6.334396 0.971592 -0.168346 -0.166338 0.834462 0.442206 1 0 1.000000
  0 1.701244 -0.099716 -5.154285 0.403449 0.826220 -0.393178 0.870738 0.508838 1 0 1.000000
  0 2.306868 -1.157098 -4.994364 0.987225 -0.130899 -0.090841 0.799844 0.497605 1 0 1.000000
doll01
  0 2.112085 0.794999 -3.750217 0.752170 0.637162 -0.168122 0.860435 0.585289 1 0 1.000000
  0 2.306868 -1.157098 -4.994364 0.987225 -0.130899 -0.090841 0.799844 0.497605 1 0 1.000000
  0 1.701244 -0.099716 -5.154285 0.403449 0.826220 -0.393178 0.870738 0.508838 1 0 1.000000
doll01
  0 2.112085 0.794999 -3.750217 0.752170 0.637162 -0.168122 0.860435 0.585289 1 0 1.000000
  0 2.506391 -0.056968 -3.415428 0.979968 -0.003146 0.199132 0.821015 0.585284 1 0 1.000000
  0 2.306868 -1.157098 -4.994364 0.987225 -0.130899 -0.090841 0.799844 0.497605 1 0 1.000000
doll01
  0 1.766284 -1.278300 -7.535872 0.976275 -0.200361 -0.082115 0.860110 0.384613 1 0 1.000000
  0 1.585286 -1.050391 -8.497573 0.697705 0.305289 -0.648079 0.882068 0.346502 1 0 1.000000
  0 1.588477 -0.678485 -7.645324 0.466256 0.772993 -0.430218 0.881764 0.390098 1 0 1.000000
doll01
  0 1.766284 -1.278300 -7.535872 0.976275 -0.200361 -0.082115 0.860110 0.384613 1 0 1.000000
  0 1.668178 -1.670955 -8.001849 0.997233 -0.054489 0.050568 0.855810 0.357597 1 0 1.000000
  0 1.585286 -1.050391 -8.497573 0.697705 0.305289 -0.648079 0.882068 0.346502 1 0 1.000000
doll01
  0 1.668178 -1.670955 -8.001849 0.997233 -0.054489 0.050568 0.855810 0.357597 1 0 1.000000
  0 1.625060 -2.855318 -8.024703 0.713916 -0.508744 -0.481148 0.757113 0.336478 1 0 1.000000
  0 1.585286 -1.050391 -8.497573 0.697705 0.305289 -0.648079 0.882068 0.346502 1 0 1.000000
doll01
  0 1.625060 -2.855318 -8.024703 0.713916 -0.508744 -0.481148 0.757113 0.336478 1 0 1.000000
  0 1.668178 -1.670955 -8.001849 0.997233 -0.054489 0.050568 0.855810 0.357597 1 0 1.000000
  0 1.703909 -2.892825 -7.652726 0.673016 -0.447010 0.589264 0.759272 0.352077 1 0 1.000000
doll01
  0 1.703909 -2.892825 -7.652726 0.673016 -0.447010 0.589264 0.759272 0.352077 1 0 1.000000
  0 0.893458 -2.884800 -7.954245 -0.775161 -0.557604 -0.296991 0.725363 0.339359 1 0 1.000000
  0 1.625060 -2.855318 -8.024703 0.713916 -0.508744 -0.481148 0.757113 0.336478 1 0 1.000000
doll01
  0 1.694860 1.068916 -3.890612 0.175042 0.898402 -0.402783 0.878087 0.583978 1 0 1.000000
  0 2.112085 0.794999 -3.750217 0.752170 0.637162 -0.168122 0.860435 0.585289 1 0 1.000000
  0 1.701244 -0.099716 -5.154285 0.403449 0.826220 -0.393178 0.870738 0.508838 1 0 1.000000
doll01
  0 2.112085 0.794999 -3.750217 0.752170 0.637162 -0.168122 0.860435 0.585289 1 0 1.000000
  0 1.694860 1.068916 -3.890612 0.175042 0.898402 -0.402783 0.878087 0.583978 1 0 1.000000
  0 0.646083 1.265008 -2.528491 -0.408937 0.907988 0.091254 0.916069 0.647316 1 0 1.000000
doll01
  0 2.112085 0.794999 -3.750217 0.752170 0.637162 -0.168122 0.860435 0.585289 1 0 1.000000
  0 0.646083 1.265008 -2.528491 -0.408937 0.907988 0.091254 0.916069 0.647316 1 0 1.000000
  0 1.902096 0.718926 -2.544583 0.677281 0.427617 0.598694 0.852346 0.636811 1 0 1.000000
doll01
  0 1.902096 0.718926 -2.544583 0.677281 0.427617 0.598694 0.852346 0.636811 1 0 1.000000
  0 2.506391 -0.056968 -3.415428 0.979968 -0.003146 0.199132 0.821015 0.585284 1 0 1.000000
  0 2.112085 0.794999 -3.750217 0.752170 0.637162 -0.168122 0.860435 0.585289 1 0 1.000000
doll01
  0 2.506391 -0.056968 -3.415428 0.979968 -0.003146 0.199132 0.821015 0.585284 1 0 1.000000
  0 1.902096 0.718926 -2.544583 0.677281 0.427617 0.598694 0.852346 0.636811 1 0 1.000000
  0 1.593335 -0.012769 -2.289813 0.240864 -0.227604 0.943494 0.772196 0.635639 1 0 1.000000
doll01
  0 1.593335 -0.012769 -2.289813 0.240864 -0.227604 0.943494 0.772196 0.635639 1 0 1.000000
  0 1.902096 0.718926 -2.544583 0.677281 0.427617 0.598694 0.852346 0.636811 1 0 1.000000
  0 0.646083 1.265008 -2.528491 -0.408937 0.907988 0.091254 0.642367 0.647316 1 0 1.000000
doll01
  0 1.593335 -0.012769 -2.289813 0.240864 -0.227604 0.943494 0.772196 0.635639 1 0 1.000000
  0 0.646083 1.265008 -2.528491 -0.408937 0.907988 0.091254 0.642367 0.647316 1 0 1.000000
  0 0.337323 0.533313 -2.273721 -0.778226 -0.155175 0.608511 0.673524 0.646144 1 0 1.000000
doll01
  0 0.337323 0.533313 -2.273721 -0.778226 -0.155175 0.608511 0.673524 0.646144 1 0 1.000000
  0 0.646083 1.265008 -2.528491 -0.408937 0.907988 0.091254 0.642367 0.647316 1 0 1.000000
  0 1.051481 -0.346482 -4.706056 -0.719421 0.665617 -0.198463 0.655874 0.524513 1 0 1.000000
doll01
  0 0.337323 0.533313 -2.273721 -0.778226 -0.155175 0.608511 0.673524 0.646144 1 0 1.000000
  0 1.051481 -0.346482 -4.706056 -0.719421 0.665617 -0.198463 0.655874 0.524513 1 0 1.000000
  0 0.683487 -0.963811 -4.433858 -0.998876 0.044376 -0.016661 0.703091 0.526073 1 0 1.000000
doll01
  0 0.972551 -0.205977 -6.176498 -0.646353 0.751714 -0.130974 0.634070 0.462624 1 0 1.000000
  0 0.683487 -0.963811 -4.433858 -0.998876 0.044376 -0.016661 0.703091 0.526073 1 0 1.000000
  0 1.051481 -0.346482 -4.706056 -0.719421 0.665617 -0.198463 0.655874 0.524513 1 0 1.000000
doll01
  0 0.972551 -0.205977 -6.176498 -0.646353 0.751714 -0.130974 0.634070 0.462624 1 0 1.000000
  0 0.572977 -0.847115 -5.897463 -0.992664 0.113962 -0.040370 0.670522 0.464091 1 0 1.000000
  0 0.683487 -0.963811 -4.433858 -0.998876 0.044376 -0.016661 0.703091 0.526073 1 0 1.000000
doll01
  0 0.572977 -0.847115 -5.897463 -0.992664 0.113962 -0.040370 0.670522 0.464091 1 0 1.000000
  0 0.972551 -0.205977 -6.176498 -0.646353 0.751714 -0.130974 0.634070 0.462624 1 0 1.000000
  0 1.054247 -0.783918 -7.444318 -0.633868 0.717541 -0.288696 0.632920 0.397316 1 0 1.000000
doll01
  0 0.572977 -0.847115 -5.897463 -0.992664 0.113962 -0.040370 0.670522 0.464091 1 0 1.000000
  0 1.054247 -0.783918 -7.444318 -0.633868 0.717541 -0.288696 0.632920 0.397316 1 0 1.000000
  0 0.758896 -1.222242 -7.222359 -0.992803 0.093771 -0.074489 0.661147 0.399692 1 0 1.000000
doll01
  0 1.054247 -0.783918 -7.444318 -0.633868 0.717541 -0.288696 0.632920 0.397316 1 0 1.000000
  0 0.758896 -1.437036 -7.785713 -0.997468 -0.028101 0.065334 0.661086 0.371401 1 0 1.000000
  0 0.758896 -1.222242 -7.222359 -0.992803 0.093771 -0.074489 0.661147 0.399692 1 0 1.000000
doll01
  0 0.758896 -1.222242 -7.222359 -0.992803 0.093771 -0.074489 0.661147 0.399692 1 0 1.000000
  0 0.758896 -1.437036 -7.785713 -0.997468 -0.028101 0.065334 0.661086 0.371401 1 0 1.000000
  0 0.862698 -1.711880 -7.492640 -0.745550 -0.453279 0.488563 0.681524 0.379503 1 0 1.000000
doll01
  0 0.758896 -1.437036 -7.785713 -0.997468 -0.028101 0.065334 0.661086 0.371401 1 0 1.000000
  0 0.961366 -2.777638 -7.710059 -0.587198 -0.444580 0.676423 0.727573 0.351833 1 0 1.000000
  0 0.862698 -1.711880 -7.492640 -0.745550 -0.453279 0.488563 0.681524 0.379503 1 0 1.000000
doll01
  0 0.862698 -1.711880 -7.492640 -0.745550 -0.453279 0.488563 0.681524 0.379503 1 0 1.000000
  0 0.961366 -2.777638 -7.710059 -0.587198 -0.444580 0.676423 0.727573 0.351833 1 0 1.000000
  0 1.355019 -1.915915 -7.451108 0.284478 -0.456397 0.843074 0.727298 0.377648 1 0 1.000000
doll01
  0 0.862698 -1.618266 -7.154569 -0.736862 -0.665781 0.117342 0.684053 0.395880 1 0 1.000000
  0 0.862698 -1.711880 -7.492640 -0.745550 -0.453279 0.488563 0.681524 0.379503 1 0 1.000000
  0 1.355019 -1.915915 -7.451108 0.284478 -0.456397 0.843074 0.727298 0.377648 1 0 1.000000
doll01
  0 0.862698 -1.618266 -7.154569 -0.736862 -0.665781 0.117342 0.684053 0.395880 1 0 1.000000
  0 1.355019 -1.915915 -7.451108 0.284478 -0.456397 0.843074 0.727298 0.377648 1 0 1.000000
  0 1.355019 -1.806014 -7.244602 0.287344 -0.941188 0.177761 0.724840 0.388548 1 0 1.000000
doll01
  0 1.481346 -1.781353 -5.968163 0.234720 -0.968371 -0.084645 0.751456 0.444741 1 0 1.000000
  0 0.862698 -1.618266 -7.154569 -0.736862 -0.665781 0.117342 0.684053 0.395880 1 0 1.000000
  0 1.355019 -1.806014 -7.244602 0.287344 -0.941188 0.177761 0.724840 0.388548 1 0 1.000000
doll01
  0 1.355019 -1.806014 -7.244602 0.287344 -0.941188 0.177761 0.724840 0.388548 1 0 1.000000
  0 2.157653 -0.972057 -6.334396 0.971592 -0.168346 -0.166338 0.834462 0.442206 1 0 1.000000
  0 1.481346 -1.781353 -5.968163 0.234720 -0.968371 -0.084645 0.751456 0.444741 1 0 1.000000
doll01
  0 1.694860 1.068916 -3.890612 0.175042 0.898402 -0.402783 0.604384 0.583978 1 0 1.000000
  0 1.051481 -0.346482 -4.706056 -0.719421 0.665617 -0.198463 0.655874 0.524513 1 0 1.000000
  0 0.646083 1.265008 -2.528491 -0.408937 0.907988 0.091254 0.642367 0.647316 1 0 1.000000
doll01
  0 1.694860 1.068916 -3.890612 0.175042 0.898402 -0.402783 0.604384 0.583978 1 0 1.000000
  0 1.701244 -0.099716 -5.154285 0.403449 0.826220 -0.393178 0.597035 0.508838 1 0 1.000000
  0 1.051481 -0.346482 -4.706056 -0.719421 0.665617 -0.198463 0.655874 0.524513 1 0 1.000000
doll01
  0 1.685743 0.020880 -6.515431 0.388307 0.892467 -0.229609 0.605339 0.451365 1 0 1.000000
  0 1.051481 -0.346482 -4.706056 -0.719421 0.665617 -0.198463 0.655874 0.524513 1 0 1.000000
  0 1.701244 -0.099716 -5.154285 0.403449 0.826220 -0.393178 0.597035 0.508838 1 0 1.000000
doll01
  0 1.685743 0.020880 -6.515431 0.388307 0.892467 -0.229609 0.605339 0.451365 1 0 1.000000
  0 0.972551 -0.205977 -6.176498 -0.646353 0.751714 -0.130974 0.634070 0.462624 1 0 1.000000
  0 1.051481 -0.346482 -4.706056 -0.719421 0.665617 -0.198463 0.655874 0.524513 1 0 1.000000
doll01
  0 2.157653 -0.972057 -6.334396 0.971592 -0.168346 -0.166338 0.834462 0.442206 1 0 1.000000
  0 1.595376 -1.960668 -4.634197 0.261712 -0.954173 0.145121 0.754934 0.499987 1 0 1.000000
  0 1.481346 -1.781353 -5.968163 0.234720 -0.968371 -0.084645 0.751456 0.444741 1 0 1.000000
doll01
  0 2.157653 -0.972057 -6.334396 0.971592 -0.168346 -0.166338 0.834462 0.442206 1 0 1.000000
  0 2.306868 -1.157098 -4.994364 0.987225 -0.130899 -0.090841 0.799844 0.497605 1 0 1.000000
  0 1.595376 -1.960668 -4.634197 0.261712 -0.954173 0.145121 0.754934 0.499987 1 0 1.000000
doll01
  0 1.595376 -1.960668 -4.634197 0.261712 -0.954173 0.145121 0.754934 0.499987 1 0 1.000000
  0 2.306868 -1.157098 -4.994364 0.987225 -0.130899 -0.090841 0.799844 0.497605 1 0 1.000000
  0 2.506391 -0.056968 -3.415428 0.979968 -0.003146 0.199132 0.821015 0.585284 1 0 1.000000
doll01
  0 1.595376 -1.960668 -4.634197 0.261712 -0.954173 0.145121 0.754934 0.499987 1 0 1.000000
  0 2.506391 -0.056968 -3.415428 0.979968 -0.003146 0.199132 0.821015 0.585284 1 0 1.000000
  0 1.637104 -1.176498 -3.063759 0.289442 -0.695377 0.657780 0.757848 0.581986 1 0 1.000000
doll01
  0 2.506391 -0.056968 -3.415428 0.979968 -0.003146 0.199132 0.821015 0.585284 1 0 1.000000
  0 1.593335 -0.012769 -2.289813 0.240864 -0.227604 0.943494 0.772196 0.635639 1 0 1.000000
  0 1.637104 -1.176498 -3.063759 0.289442 -0.695377 0.657780 0.757848 0.581986 1 0 1.000000
doll01
  0 1.593335 -0.012769 -2.289813 0.240864 -0.227604 0.943494 0.772196 0.635639 1 0 1.000000
  0 0.862928 -0.902580 -3.204154 -0.557402 -0.659091 0.504879 0.722911 0.580821 1 0 1.000000
  0 1.637104 -1.176498 -3.063759 0.289442 -0.695377 0.657780 0.757848 0.581986 1 0 1.000000
doll01
  0 1.593335 -0.012769 -2.289813 0.240864 -0.227604 0.943494 0.772196 0.635639 1 0 1.000000
  0 0.337323 0.533313 -2.273721 -0.778226 -0.155175 0.608511 0.673524 0.646144 1 0 1.000000
  0 0.862928 -0.902580 -3.204154 -0.557402 -0.659091 0.504879 0.722911 0.580821 1 0 1.000000
doll01
  0 0.337323 0.533313 -2.273721 -0.778226 -0.155175 0.608511 0.673524 0.646144 1 0 1.000000
  0 0.917092 -1.711447 -4.595241 -0.710102 -0.686695 0.155580 0.729530 0.506207 1 0 1.000000
  0 0.862928 -0.902580 -3.204154 -0.557402 -0.659091 0.504879 0.722911 0.580821 1 0 1.000000
doll01
  0 0.337323 0.533313 -2.273721 -0.778226 -0.155175 0.608511 0.673524 0.646144 1 0 1.000000
  0 0.683487 -0.963811 -4.433858 -0.998876 0.044376 -0.016661 0.703091 0.526073 1 0 1.000000
  0 0.917092 -1.711447 -4.595241 -0.710102 -0.686695 0.155580 0.729530 0.506207 1 0 1.000000
doll01
  0 0.572977 -0.847115 -5.897463 -0.992664 0.113962 -0.040370 0.670522 0.464091 1 0 1.000000
  0 0.917092 -1.711447 -4.595241 -0.710102 -0.686695 0.155580 0.729530 0.506207 1 0 1.000000
  0 0.683487 -0.963811 -4.433858 -0.998876 0.044376 -0.016661 0.703091 0.526073 1 0 1.000000
doll01
  0 0.572977 -0.847115 -5.897463 -0.992664 0.113962 -0.040370 0.670522 0.464091 1 0 1.000000
  0 0.776218 -1.524885 -5.914381 -0.728446 -0.684994 -0.012223 0.704502 0.451744 1 0 1.000000
  0 0.917092 -1.711447 -4.595241 -0.710102 -0.686695 0.155580 0.729530 0.506207 1 0 1.000000
doll01
  0 0.776218 -1.524885 -5.914381 -0.728446 -0.684994 -0.012223 0.704502 0.451744 1 0 1.000000
  0 0.572977 -0.847115 -5.897463 -0.992664 0.113962 -0.040370 0.670522 0.464091 1 0 1.000000
  0 0.758896 -1.222242 -7.222359 -0.992803 0.093771 -0.074489 0.661147 0.399692 1 0 1.000000
doll01
  0 0.776218 -1.524885 -5.914381 -0.728446 -0.684994 -0.012223 0.704502 0.451744 1 0 1.000000
  0 0.758896 -1.222242 -7.222359 -0.992803 0.093771 -0.074489 0.661147 0.399692 1 0 1.000000
  0 0.862698 -1.618266 -7.154569 -0.736862 -0.665781 0.117342 0.684053 0.395880 1 0 1.000000
doll01
  0 0.758896 -1.222242 -7.222359 -0.992803 0.093771 -0.074489 0.661147 0.399692 1 0 1.000000
  0 0.862698 -1.711880 -7.492640 -0.745550 -0.453279 0.488563 0.681524 0.379503 1 0 1.000000
  0 0.862698 -1.618266 -7.154569 -0.736862 -0.665781 0.117342 0.684053 0.395880 1 0 1.000000
doll01
  0 1.481346 -1.781353 -5.968163 0.234720 -0.968371 -0.084645 0.751456 0.444741 1 0 1.000000
  0 0.776218 -1.524885 -5.914381 -0.728446 -0.684994 -0.012223 0.704502 0.451744 1 0 1.000000
  0 0.862698 -1.618266 -7.154569 -0.736862 -0.665781 0.117342 0.684053 0.395880 1 0 1.000000
doll01
  0 0.776218 -1.524885 -5.914381 -0.728446 -0.684994 -0.012223 0.704502 0.451744 1 0 1.000000
  0 1.481346 -1.781353 -5.968163 0.234720 -0.968371 -0.084645 0.751456 0.444741 1 0 1.000000
  0 1.595376 -1.960668 -4.634197 0.261712 -0.954173 0.145121 0.754934 0.499987 1 0 1.000000
doll01
  0 0.776218 -1.524885 -5.914381 -0.728446 -0.684994 -0.012223 0.704502 0.451744 1 0 1.000000
  0 1.595376 -1.960668 -4.634197 0.261712 -0.954173 0.145121 0.754934 0.499987 1 0 1.000000
  0 0.917092 -1.711447 -4.595241 -0.710102 -0.686695 0.155580 0.729530 0.506207 1 0 1.000000
doll01
  0 1.637104 -1.176498 -3.063759 0.289442 -0.695377 0.657780 0.757848 0.581986 1 0 1.000000
  0 0.917092 -1.711447 -4.595241 -0.710102 -0.686695 0.155580 0.729530 0.506207 1 0 1.000000
  0 1.595376 -1.960668 -4.634197 0.261712 -0.954173 0.145121 0.754934 0.499987 1 0 1.000000
doll01
  0 1.637104 -1.176498 -3.063759 0.289442 -0.695377 0.657780 0.757848 0.581986 1 0 1.000000
  0 0.862928 -0.902580 -3.204154 -0.557402 -0.659091 0.504879 0.722911 0.580821 1 0 1.000000
  0 0.917092 -1.711447 -4.595241 -0.710102 -0.686695 0.155580 0.729530 0.506207 1 0 1.000000
end
